'getOption("repos")' replaces Bioconductor standard repositories, see
'help("repositories", package = "BiocManager")' for details.
Replacement repositories:
    CRAN: https://cloud.r-project.org
Bioconductor version 3.23 (BiocManager 1.30.27), R 4.6.0 (2026-04-24)
Installing package(s) 'recount3'
also installing the dependencies ‘bitops’, ‘Rhtslib’, ‘cigarillo’, ‘RCurl’, ‘Rsamtools’, ‘GenomicAlignments’, ‘BiocIO’, ‘restfulr’, ‘rtracklayer’, ‘sessioninfo’

trying URL 'https://cloud.r-project.org/src/contrib/bitops_1.0-9.tar.gz'
trying URL 'https://ftp.gwdg.de/pub/misc/bioconductor/packages/3.23/bioc/src/contrib/Rhtslib_3.8.0.tar.gz'
trying URL 'https://ftp.gwdg.de/pub/misc/bioconductor/packages/3.23/bioc/src/contrib/cigarillo_1.2.1.tar.gz'
trying URL 'https://cloud.r-project.org/src/contrib/RCurl_1.98-1.19.tar.gz'
trying URL 'https://ftp.gwdg.de/pub/misc/bioconductor/packages/3.23/bioc/src/contrib/Rsamtools_2.28.0.tar.gz'
trying URL 'https://ftp.gwdg.de/pub/misc/bioconductor/packages/3.23/bioc/src/contrib/GenomicAlignments_1.48.0.tar.gz'
trying URL 'https://ftp.gwdg.de/pub/misc/bioconductor/packages/3.23/bioc/src/contrib/BiocIO_1.22.0.tar.gz'
trying URL 'https://cloud.r-project.org/src/contrib/restfulr_0.0.17.tar.gz'
trying URL 'https://ftp.gwdg.de/pub/misc/bioconductor/packages/3.23/bioc/src/contrib/rtracklayer_1.72.0.tar.gz'
trying URL 'https://cloud.r-project.org/src/contrib/sessioninfo_1.2.4.tar.gz'
trying URL 'https://ftp.gwdg.de/pub/misc/bioconductor/packages/3.23/bioc/src/contrib/recount3_1.22.0.tar.gz'
begin installing package ‘bitops’
begin installing package ‘Rhtslib’
begin installing package ‘BiocIO’
begin installing package ‘cigarillo’
* installing *source* package ‘bitops’ ...
** this is package ‘bitops’ version ‘1.0-9’
** package ‘bitops’ successfully unpacked and MD5 sums checked
** using staged installation
** libs
using C compiler: ‘Apple clang version 17.0.0 (clang-1700.0.13.5)’
using SDK: ‘MacOSX15.5.sdk’
clang -std=gnu23 -I"/opt/homebrew/Cellar/r/4.6.0/lib/R/include" -DNDEBUG   -I/opt/homebrew/opt/gettext/include -I/opt/homebrew/opt/readline/include -I/opt/homebrew/opt/xz/include -I/opt/homebrew/include    -fPIC  -g -O2  -c bit-ops.c -o bit-ops.o
clang -std=gnu23 -I"/opt/homebrew/Cellar/r/4.6.0/lib/R/include" -DNDEBUG   -I/opt/homebrew/opt/gettext/include -I/opt/homebrew/opt/readline/include -I/opt/homebrew/opt/xz/include -I/opt/homebrew/include    -fPIC  -g -O2  -c cksum.c -o cksum.o
clang -std=gnu23 -I"/opt/homebrew/Cellar/r/4.6.0/lib/R/include" -DNDEBUG   -I/opt/homebrew/opt/gettext/include -I/opt/homebrew/opt/readline/include -I/opt/homebrew/opt/xz/include -I/opt/homebrew/include    -fPIC  -g -O2  -c init.c -o init.o
clang -std=gnu23 -dynamiclib -Wl,-headerpad_max_install_names -undefined dynamic_lookup -L/opt/homebrew/Cellar/r/4.6.0/lib/R/lib -L/opt/homebrew/opt/gettext/lib -L/opt/homebrew/opt/readline/lib -L/opt/homebrew/opt/xz/lib -L/opt/homebrew/lib -o bitops.so bit-ops.o cksum.o init.o -L/opt/homebrew/Cellar/r/4.6.0/lib/R/lib -lR
installing to /opt/homebrew/lib/R/4.6/site-library/00LOCK-bitops/00new/bitops/libs
** R
** byte-compile and prepare package for lazy loading
** help
*** installing help indices
** building package indices
** testing if installed package can be loaded from temporary location
** checking absolute paths in shared objects and dynamic libraries
** testing if installed package can be loaded from final location
** testing if installed package keeps a record of temporary installation path
* DONE (bitops)
begin installing package ‘sessioninfo’
* installing *source* package ‘BiocIO’ ...
** this is package ‘BiocIO’ version ‘1.22.0’
** using staged installation
** R
** inst
** byte-compile and prepare package for lazy loading
** help
*** installing help indices
** building package indices
** installing vignettes
** testing if installed package can be loaded from temporary location
** testing if installed package can be loaded from final location
** testing if installed package keeps a record of temporary installation path
* DONE (BiocIO)
begin installing package ‘RCurl’
* installing *source* package ‘sessioninfo’ ...
** this is package ‘sessioninfo’ version ‘1.2.4’
** package ‘sessioninfo’ successfully unpacked and MD5 sums checked
** using staged installation
** R
** byte-compile and prepare package for lazy loading
** help
*** installing help indices
*** copying figures
** building package indices
** testing if installed package can be loaded from temporary location
** testing if installed package can be loaded from final location
** testing if installed package keeps a record of temporary installation path
* DONE (sessioninfo)
* installing *source* package ‘cigarillo’ ...
** this is package ‘cigarillo’ version ‘1.2.1’
** using staged installation
** libs
using C compiler: ‘Apple clang version 17.0.0 (clang-1700.0.13.5)’
using SDK: ‘MacOSX15.5.sdk’
clang -std=gnu23 -I"/opt/homebrew/Cellar/r/4.6.0/lib/R/include" -DNDEBUG  -I'/opt/homebrew/lib/R/4.6/site-library/S4Vectors/include' -I'/opt/homebrew/lib/R/4.6/site-library/IRanges/include' -I/opt/homebrew/opt/gettext/include -I/opt/homebrew/opt/readline/include -I/opt/homebrew/opt/xz/include -I/opt/homebrew/include    -fPIC  -g -O2  -c IRanges_stubs.c -o IRanges_stubs.o
clang -std=gnu23 -I"/opt/homebrew/Cellar/r/4.6.0/lib/R/include" -DNDEBUG  -I'/opt/homebrew/lib/R/4.6/site-library/S4Vectors/include' -I'/opt/homebrew/lib/R/4.6/site-library/IRanges/include' -I/opt/homebrew/opt/gettext/include -I/opt/homebrew/opt/readline/include -I/opt/homebrew/opt/xz/include -I/opt/homebrew/include    -fPIC  -g -O2  -c R_init_cigarillo.c -o R_init_cigarillo.o
clang -std=gnu23 -I"/opt/homebrew/Cellar/r/4.6.0/lib/R/include" -DNDEBUG  -I'/opt/homebrew/lib/R/4.6/site-library/S4Vectors/include' -I'/opt/homebrew/lib/R/4.6/site-library/IRanges/include' -I/opt/homebrew/opt/gettext/include -I/opt/homebrew/opt/readline/include -I/opt/homebrew/opt/xz/include -I/opt/homebrew/include    -fPIC  -g -O2  -c S4Vectors_stubs.c -o S4Vectors_stubs.o
clang -std=gnu23 -I"/opt/homebrew/Cellar/r/4.6.0/lib/R/include" -DNDEBUG  -I'/opt/homebrew/lib/R/4.6/site-library/S4Vectors/include' -I'/opt/homebrew/lib/R/4.6/site-library/IRanges/include' -I/opt/homebrew/opt/gettext/include -I/opt/homebrew/opt/readline/include -I/opt/homebrew/opt/xz/include -I/opt/homebrew/include    -fPIC  -g -O2  -c cigar_extent.c -o cigar_extent.o
clang -std=gnu23 -I"/opt/homebrew/Cellar/r/4.6.0/lib/R/include" -DNDEBUG  -I'/opt/homebrew/lib/R/4.6/site-library/S4Vectors/include' -I'/opt/homebrew/lib/R/4.6/site-library/IRanges/include' -I/opt/homebrew/opt/gettext/include -I/opt/homebrew/opt/readline/include -I/opt/homebrew/opt/xz/include -I/opt/homebrew/include    -fPIC  -g -O2  -c cigar_ops_visibility.c -o cigar_ops_visibility.o
clang -std=gnu23 -I"/opt/homebrew/Cellar/r/4.6.0/lib/R/include" -DNDEBUG  -I'/opt/homebrew/lib/R/4.6/site-library/S4Vectors/include' -I'/opt/homebrew/lib/R/4.6/site-library/IRanges/include' -I/opt/homebrew/opt/gettext/include -I/opt/homebrew/opt/readline/include -I/opt/homebrew/opt/xz/include -I/opt/homebrew/include    -fPIC  -g -O2  -c cigars_as_ranges.c -o cigars_as_ranges.o
clang -std=gnu23 -I"/opt/homebrew/Cellar/r/4.6.0/lib/R/include" -DNDEBUG  -I'/opt/homebrew/lib/R/4.6/site-library/S4Vectors/include' -I'/opt/homebrew/lib/R/4.6/site-library/IRanges/include' -I/opt/homebrew/opt/gettext/include -I/opt/homebrew/opt/readline/include -I/opt/homebrew/opt/xz/include -I/opt/homebrew/include    -fPIC  -g -O2  -c explode_cigars.c -o explode_cigars.o
clang -std=gnu23 -I"/opt/homebrew/Cellar/r/4.6.0/lib/R/include" -DNDEBUG  -I'/opt/homebrew/lib/R/4.6/site-library/S4Vectors/include' -I'/opt/homebrew/lib/R/4.6/site-library/IRanges/include' -I/opt/homebrew/opt/gettext/include -I/opt/homebrew/opt/readline/include -I/opt/homebrew/opt/xz/include -I/opt/homebrew/include    -fPIC  -g -O2  -c map_ref_ranges_to_query.c -o map_ref_ranges_to_query.o
clang -std=gnu23 -I"/opt/homebrew/Cellar/r/4.6.0/lib/R/include" -DNDEBUG  -I'/opt/homebrew/lib/R/4.6/site-library/S4Vectors/include' -I'/opt/homebrew/lib/R/4.6/site-library/IRanges/include' -I/opt/homebrew/opt/gettext/include -I/opt/homebrew/opt/readline/include -I/opt/homebrew/opt/xz/include -I/opt/homebrew/include    -fPIC  -g -O2  -c project_positions.c -o project_positions.o
clang -std=gnu23 -I"/opt/homebrew/Cellar/r/4.6.0/lib/R/include" -DNDEBUG  -I'/opt/homebrew/lib/R/4.6/site-library/S4Vectors/include' -I'/opt/homebrew/lib/R/4.6/site-library/IRanges/include' -I/opt/homebrew/opt/gettext/include -I/opt/homebrew/opt/readline/include -I/opt/homebrew/opt/xz/include -I/opt/homebrew/include    -fPIC  -g -O2  -c tabulate_cigar_ops.c -o tabulate_cigar_ops.o
clang -std=gnu23 -I"/opt/homebrew/Cellar/r/4.6.0/lib/R/include" -DNDEBUG  -I'/opt/homebrew/lib/R/4.6/site-library/S4Vectors/include' -I'/opt/homebrew/lib/R/4.6/site-library/IRanges/include' -I/opt/homebrew/opt/gettext/include -I/opt/homebrew/opt/readline/include -I/opt/homebrew/opt/xz/include -I/opt/homebrew/include    -fPIC  -g -O2  -c trim_cigars.c -o trim_cigars.o
clang -std=gnu23 -dynamiclib -Wl,-headerpad_max_install_names -undefined dynamic_lookup -L/opt/homebrew/Cellar/r/4.6.0/lib/R/lib -L/opt/homebrew/opt/gettext/lib -L/opt/homebrew/opt/readline/lib -L/opt/homebrew/opt/xz/lib -L/opt/homebrew/lib -o cigarillo.so IRanges_stubs.o R_init_cigarillo.o S4Vectors_stubs.o cigar_extent.o cigar_ops_visibility.o cigars_as_ranges.o explode_cigars.o map_ref_ranges_to_query.o project_positions.o tabulate_cigar_ops.o trim_cigars.o -L/opt/homebrew/Cellar/r/4.6.0/lib/R/lib -lR
installing to /opt/homebrew/lib/R/4.6/site-library/00LOCK-cigarillo/00new/cigarillo/libs
** R
** inst
** byte-compile and prepare package for lazy loading
** help
*** installing help indices
** building package indices
** installing vignettes
** testing if installed package can be loaded from temporary location
** checking absolute paths in shared objects and dynamic libraries
** testing if installed package can be loaded from final location
** testing if installed package keeps a record of temporary installation path
* DONE (cigarillo)
* installing *source* package ‘Rhtslib’ ...
** this is package ‘Rhtslib’ version ‘3.8.0’
** using non-staged installation via StagedInstall field
** libs
using C compiler: ‘Apple clang version 17.0.0 (clang-1700.0.13.5)’
using SDK: ‘MacOSX15.5.sdk’
cd "htslib-1.18" && make -f "Makefile.Rhtslib"
clang -std=gnu23 -g -O2 -fpic -fvisibility=hidden  -I. -I/opt/homebrew/opt/gettext/include -I/opt/homebrew/opt/readline/include -I/opt/homebrew/opt/xz/include -I/opt/homebrew/include -D_FILE_OFFSET_BITS=64 -c -o kfunc.o kfunc.c
clang -std=gnu23 -g -O2 -fpic -fvisibility=hidden  -I. -I/opt/homebrew/opt/gettext/include -I/opt/homebrew/opt/readline/include -I/opt/homebrew/opt/xz/include -I/opt/homebrew/include -D_FILE_OFFSET_BITS=64 -c -o kstring.o kstring.c
clang -std=gnu23 -g -O2 -fpic -fvisibility=hidden  -I. -I/opt/homebrew/opt/gettext/include -I/opt/homebrew/opt/readline/include -I/opt/homebrew/opt/xz/include -I/opt/homebrew/include -D_FILE_OFFSET_BITS=64 -c -o bcf_sr_sort.o bcf_sr_sort.c
clang -std=gnu23 -g -O2 -fpic -fvisibility=hidden  -I. -I/opt/homebrew/opt/gettext/include -I/opt/homebrew/opt/readline/include -I/opt/homebrew/opt/xz/include -I/opt/homebrew/include -D_FILE_OFFSET_BITS=64 -c -o bgzf.o bgzf.c
clang -std=gnu23 -g -O2 -fpic -fvisibility=hidden  -I. -I/opt/homebrew/opt/gettext/include -I/opt/homebrew/opt/readline/include -I/opt/homebrew/opt/xz/include -I/opt/homebrew/include -D_FILE_OFFSET_BITS=64 -c -o errmod.o errmod.c
clang -std=gnu23 -g -O2 -fpic -fvisibility=hidden  -I. -I/opt/homebrew/opt/gettext/include -I/opt/homebrew/opt/readline/include -I/opt/homebrew/opt/xz/include -I/opt/homebrew/include -D_FILE_OFFSET_BITS=64 -c -o faidx.o faidx.c
clang -std=gnu23 -g -O2 -fpic -fvisibility=hidden  -I. -I/opt/homebrew/opt/gettext/include -I/opt/homebrew/opt/readline/include -I/opt/homebrew/opt/xz/include -I/opt/homebrew/include -D_FILE_OFFSET_BITS=64 -c -o header.o header.c
clang -std=gnu23 -g -O2 -fpic -fvisibility=hidden  -I. -I/opt/homebrew/opt/gettext/include -I/opt/homebrew/opt/readline/include -I/opt/homebrew/opt/xz/include -I/opt/homebrew/include -D_FILE_OFFSET_BITS=64 -c -o hfile.o hfile.c
echo '#define HTS_VERSION_TEXT "1.18"' > version.h
printf '#define HTS_CC "%s"\n#define HTS_CPPFLAGS "%s"\n#define HTS_CFLAGS "%s"\n#define HTS_LDFLAGS "%s"\n#define HTS_LIBS "%s"\n' \
	'clang -std=gnu23' \
	'-I/opt/homebrew/opt/gettext/include -I/opt/homebrew/opt/readline/include -I/opt/homebrew/opt/xz/include -I/opt/homebrew/include -D_FILE_OFFSET_BITS=64' \
	'-g -O2 -fpic -fvisibility=hidden' \
	'-L/opt/homebrew/opt/gettext/lib -L/opt/homebrew/opt/readline/lib -L/opt/homebrew/opt/xz/lib -L/opt/homebrew/lib -fvisibility=hidden' \
	'-lz -lm -lbz2 -llzma -lcurl' > config_vars.h
clang -std=gnu23 -g -O2 -fpic -fvisibility=hidden  -I. -I/opt/homebrew/opt/gettext/include -I/opt/homebrew/opt/readline/include -I/opt/homebrew/opt/xz/include -I/opt/homebrew/include -D_FILE_OFFSET_BITS=64 -c -o hts.o hts.c
clang -std=gnu23 -g -O2 -fpic -fvisibility=hidden  -I. -I/opt/homebrew/opt/gettext/include -I/opt/homebrew/opt/readline/include -I/opt/homebrew/opt/xz/include -I/opt/homebrew/include -D_FILE_OFFSET_BITS=64 -c -o hts_expr.o hts_expr.c
clang -std=gnu23 -g -O2 -fpic -fvisibility=hidden  -I. -I/opt/homebrew/opt/gettext/include -I/opt/homebrew/opt/readline/include -I/opt/homebrew/opt/xz/include -I/opt/homebrew/include -D_FILE_OFFSET_BITS=64 -c -o hts_os.o hts_os.c
clang -std=gnu23 -g -O2 -fpic -fvisibility=hidden  -I. -I/opt/homebrew/opt/gettext/include -I/opt/homebrew/opt/readline/include -I/opt/homebrew/opt/xz/include -I/opt/homebrew/include -D_FILE_OFFSET_BITS=64 -c -o md5.o md5.c
clang -std=gnu23 -g -O2 -fpic -fvisibility=hidden  -I. -I/opt/homebrew/opt/gettext/include -I/opt/homebrew/opt/readline/include -I/opt/homebrew/opt/xz/include -I/opt/homebrew/include -D_FILE_OFFSET_BITS=64 -c -o multipart.o multipart.c
clang -std=gnu23 -g -O2 -fpic -fvisibility=hidden  -I. -I/opt/homebrew/opt/gettext/include -I/opt/homebrew/opt/readline/include -I/opt/homebrew/opt/xz/include -I/opt/homebrew/include -D_FILE_OFFSET_BITS=64 -c -o probaln.o probaln.c
clang -std=gnu23 -g -O2 -fpic -fvisibility=hidden  -I. -I/opt/homebrew/opt/gettext/include -I/opt/homebrew/opt/readline/include -I/opt/homebrew/opt/xz/include -I/opt/homebrew/include -D_FILE_OFFSET_BITS=64 -c -o realn.o realn.c
clang -std=gnu23 -g -O2 -fpic -fvisibility=hidden  -I. -I/opt/homebrew/opt/gettext/include -I/opt/homebrew/opt/readline/include -I/opt/homebrew/opt/xz/include -I/opt/homebrew/include -D_FILE_OFFSET_BITS=64 -c -o regidx.o regidx.c
clang -std=gnu23 -g -O2 -fpic -fvisibility=hidden  -I. -I/opt/homebrew/opt/gettext/include -I/opt/homebrew/opt/readline/include -I/opt/homebrew/opt/xz/include -I/opt/homebrew/include -D_FILE_OFFSET_BITS=64 -c -o region.o region.c
clang -std=gnu23 -g -O2 -fpic -fvisibility=hidden  -I. -I/opt/homebrew/opt/gettext/include -I/opt/homebrew/opt/readline/include -I/opt/homebrew/opt/xz/include -I/opt/homebrew/include -D_FILE_OFFSET_BITS=64 -c -o sam.o sam.c
clang -std=gnu23 -g -O2 -fpic -fvisibility=hidden  -I. -I/opt/homebrew/opt/gettext/include -I/opt/homebrew/opt/readline/include -I/opt/homebrew/opt/xz/include -I/opt/homebrew/include -D_FILE_OFFSET_BITS=64 -c -o sam_mods.o sam_mods.c
clang -std=gnu23 -g -O2 -fpic -fvisibility=hidden  -I. -I/opt/homebrew/opt/gettext/include -I/opt/homebrew/opt/readline/include -I/opt/homebrew/opt/xz/include -I/opt/homebrew/include -D_FILE_OFFSET_BITS=64 -c -o synced_bcf_reader.o synced_bcf_reader.c
clang -std=gnu23 -g -O2 -fpic -fvisibility=hidden  -I. -I/opt/homebrew/opt/gettext/include -I/opt/homebrew/opt/readline/include -I/opt/homebrew/opt/xz/include -I/opt/homebrew/include -D_FILE_OFFSET_BITS=64 -c -o vcf_sweep.o vcf_sweep.c
clang -std=gnu23 -g -O2 -fpic -fvisibility=hidden  -I. -I/opt/homebrew/opt/gettext/include -I/opt/homebrew/opt/readline/include -I/opt/homebrew/opt/xz/include -I/opt/homebrew/include -D_FILE_OFFSET_BITS=64 -c -o tbx.o tbx.c
clang -std=gnu23 -g -O2 -fpic -fvisibility=hidden  -I. -I/opt/homebrew/opt/gettext/include -I/opt/homebrew/opt/readline/include -I/opt/homebrew/opt/xz/include -I/opt/homebrew/include -D_FILE_OFFSET_BITS=64 -c -o textutils.o textutils.c
clang -std=gnu23 -g -O2 -fpic -fvisibility=hidden  -I. -I/opt/homebrew/opt/gettext/include -I/opt/homebrew/opt/readline/include -I/opt/homebrew/opt/xz/include -I/opt/homebrew/include -D_FILE_OFFSET_BITS=64 -c -o thread_pool.o thread_pool.c
clang -std=gnu23 -g -O2 -fpic -fvisibility=hidden  -I. -I/opt/homebrew/opt/gettext/include -I/opt/homebrew/opt/readline/include -I/opt/homebrew/opt/xz/include -I/opt/homebrew/include -D_FILE_OFFSET_BITS=64 -c -o vcf.o vcf.c
clang -std=gnu23 -g -O2 -fpic -fvisibility=hidden  -I. -I/opt/homebrew/opt/gettext/include -I/opt/homebrew/opt/readline/include -I/opt/homebrew/opt/xz/include -I/opt/homebrew/include -D_FILE_OFFSET_BITS=64 -c -o vcfutils.o vcfutils.c
clang -std=gnu23 -g -O2 -fpic -fvisibility=hidden  -I. -I/opt/homebrew/opt/gettext/include -I/opt/homebrew/opt/readline/include -I/opt/homebrew/opt/xz/include -I/opt/homebrew/include -D_FILE_OFFSET_BITS=64 -c -o cram/cram_codecs.o cram/cram_codecs.c
clang -std=gnu23 -g -O2 -fpic -fvisibility=hidden  -I. -I/opt/homebrew/opt/gettext/include -I/opt/homebrew/opt/readline/include -I/opt/homebrew/opt/xz/include -I/opt/homebrew/include -D_FILE_OFFSET_BITS=64 -c -o cram/cram_decode.o cram/cram_decode.c
clang -std=gnu23 -g -O2 -fpic -fvisibility=hidden  -I. -I/opt/homebrew/opt/gettext/include -I/opt/homebrew/opt/readline/include -I/opt/homebrew/opt/xz/include -I/opt/homebrew/include -D_FILE_OFFSET_BITS=64 -c -o cram/cram_encode.o cram/cram_encode.c
clang -std=gnu23 -g -O2 -fpic -fvisibility=hidden  -I. -I/opt/homebrew/opt/gettext/include -I/opt/homebrew/opt/readline/include -I/opt/homebrew/opt/xz/include -I/opt/homebrew/include -D_FILE_OFFSET_BITS=64 -c -o cram/cram_external.o cram/cram_external.c
clang -std=gnu23 -g -O2 -fpic -fvisibility=hidden  -I. -I/opt/homebrew/opt/gettext/include -I/opt/homebrew/opt/readline/include -I/opt/homebrew/opt/xz/include -I/opt/homebrew/include -D_FILE_OFFSET_BITS=64 -c -o cram/cram_index.o cram/cram_index.c
clang -std=gnu23 -g -O2 -fpic -fvisibility=hidden  -I. -I/opt/homebrew/opt/gettext/include -I/opt/homebrew/opt/readline/include -I/opt/homebrew/opt/xz/include -I/opt/homebrew/include -D_FILE_OFFSET_BITS=64 -c -o cram/cram_io.o cram/cram_io.c
clang -std=gnu23 -g -O2 -fpic -fvisibility=hidden  -I. -I/opt/homebrew/opt/gettext/include -I/opt/homebrew/opt/readline/include -I/opt/homebrew/opt/xz/include -I/opt/homebrew/include -D_FILE_OFFSET_BITS=64 -c -o cram/cram_stats.o cram/cram_stats.c
clang -std=gnu23 -g -O2 -fpic -fvisibility=hidden  -I. -I/opt/homebrew/opt/gettext/include -I/opt/homebrew/opt/readline/include -I/opt/homebrew/opt/xz/include -I/opt/homebrew/include -D_FILE_OFFSET_BITS=64 -c -o cram/mFILE.o cram/mFILE.c
clang -std=gnu23 -g -O2 -fpic -fvisibility=hidden  -I. -I/opt/homebrew/opt/gettext/include -I/opt/homebrew/opt/readline/include -I/opt/homebrew/opt/xz/include -I/opt/homebrew/include -D_FILE_OFFSET_BITS=64 -c -o cram/open_trace_file.o cram/open_trace_file.c
clang -std=gnu23 -g -O2 -fpic -fvisibility=hidden  -I. -I/opt/homebrew/opt/gettext/include -I/opt/homebrew/opt/readline/include -I/opt/homebrew/opt/xz/include -I/opt/homebrew/include -D_FILE_OFFSET_BITS=64 -c -o cram/pooled_alloc.o cram/pooled_alloc.c
clang -std=gnu23 -g -O2 -fpic -fvisibility=hidden  -I. -I/opt/homebrew/opt/gettext/include -I/opt/homebrew/opt/readline/include -I/opt/homebrew/opt/xz/include -I/opt/homebrew/include -D_FILE_OFFSET_BITS=64 -c -o cram/string_alloc.o cram/string_alloc.c
clang -std=gnu23 -g -O2 -fpic -fvisibility=hidden  -I. -I/opt/homebrew/opt/gettext/include -I/opt/homebrew/opt/readline/include -I/opt/homebrew/opt/xz/include -I/opt/homebrew/include -D_FILE_OFFSET_BITS=64 -c -o htscodecs/htscodecs/arith_dynamic.o htscodecs/htscodecs/arith_dynamic.c
clang -std=gnu23 -g -O2 -fpic -fvisibility=hidden  -I. -I/opt/homebrew/opt/gettext/include -I/opt/homebrew/opt/readline/include -I/opt/homebrew/opt/xz/include -I/opt/homebrew/include -D_FILE_OFFSET_BITS=64 -c -o htscodecs/htscodecs/fqzcomp_qual.o htscodecs/htscodecs/fqzcomp_qual.c
clang -std=gnu23 -g -O2 -fpic -fvisibility=hidden  -I. -I/opt/homebrew/opt/gettext/include -I/opt/homebrew/opt/readline/include -I/opt/homebrew/opt/xz/include -I/opt/homebrew/include -D_FILE_OFFSET_BITS=64 -c -o htscodecs/htscodecs/htscodecs.o htscodecs/htscodecs/htscodecs.c
clang -std=gnu23 -g -O2 -fpic -fvisibility=hidden  -I. -I/opt/homebrew/opt/gettext/include -I/opt/homebrew/opt/readline/include -I/opt/homebrew/opt/xz/include -I/opt/homebrew/include -D_FILE_OFFSET_BITS=64 -c -o htscodecs/htscodecs/pack.o htscodecs/htscodecs/pack.c
clang -std=gnu23 -g -O2 -fpic -fvisibility=hidden  -I. -I/opt/homebrew/opt/gettext/include -I/opt/homebrew/opt/readline/include -I/opt/homebrew/opt/xz/include -I/opt/homebrew/include -D_FILE_OFFSET_BITS=64 -c -o htscodecs/htscodecs/rANS_static4x16pr.o htscodecs/htscodecs/rANS_static4x16pr.c
clang -std=gnu23 -g -O2 -fpic -fvisibility=hidden  -I. -I/opt/homebrew/opt/gettext/include -I/opt/homebrew/opt/readline/include -I/opt/homebrew/opt/xz/include -I/opt/homebrew/include -D_FILE_OFFSET_BITS=64 -c -o htscodecs/htscodecs/rANS_static32x16pr_avx2.o htscodecs/htscodecs/rANS_static32x16pr_avx2.c
clang -std=gnu23 -g -O2 -fpic -fvisibility=hidden  -I. -I/opt/homebrew/opt/gettext/include -I/opt/homebrew/opt/readline/include -I/opt/homebrew/opt/xz/include -I/opt/homebrew/include -D_FILE_OFFSET_BITS=64 -c -o htscodecs/htscodecs/rANS_static32x16pr_avx512.o htscodecs/htscodecs/rANS_static32x16pr_avx512.c
clang -std=gnu23 -g -O2 -fpic -fvisibility=hidden  -I. -I/opt/homebrew/opt/gettext/include -I/opt/homebrew/opt/readline/include -I/opt/homebrew/opt/xz/include -I/opt/homebrew/include -D_FILE_OFFSET_BITS=64 -c -o htscodecs/htscodecs/rANS_static32x16pr_sse4.o htscodecs/htscodecs/rANS_static32x16pr_sse4.c
clang -std=gnu23 -g -O2 -fpic -fvisibility=hidden  -I. -I/opt/homebrew/opt/gettext/include -I/opt/homebrew/opt/readline/include -I/opt/homebrew/opt/xz/include -I/opt/homebrew/include -D_FILE_OFFSET_BITS=64 -c -o htscodecs/htscodecs/rANS_static32x16pr_neon.o htscodecs/htscodecs/rANS_static32x16pr_neon.c
clang -std=gnu23 -g -O2 -fpic -fvisibility=hidden  -I. -I/opt/homebrew/opt/gettext/include -I/opt/homebrew/opt/readline/include -I/opt/homebrew/opt/xz/include -I/opt/homebrew/include -D_FILE_OFFSET_BITS=64 -c -o htscodecs/htscodecs/rANS_static32x16pr.o htscodecs/htscodecs/rANS_static32x16pr.c
clang -std=gnu23 -g -O2 -fpic -fvisibility=hidden  -I. -I/opt/homebrew/opt/gettext/include -I/opt/homebrew/opt/readline/include -I/opt/homebrew/opt/xz/include -I/opt/homebrew/include -D_FILE_OFFSET_BITS=64 -c -o htscodecs/htscodecs/rANS_static.o htscodecs/htscodecs/rANS_static.c
clang -std=gnu23 -g -O2 -fpic -fvisibility=hidden  -I. -I/opt/homebrew/opt/gettext/include -I/opt/homebrew/opt/readline/include -I/opt/homebrew/opt/xz/include -I/opt/homebrew/include -D_FILE_OFFSET_BITS=64 -c -o htscodecs/htscodecs/rle.o htscodecs/htscodecs/rle.c
clang -std=gnu23 -g -O2 -fpic -fvisibility=hidden  -I. -I/opt/homebrew/opt/gettext/include -I/opt/homebrew/opt/readline/include -I/opt/homebrew/opt/xz/include -I/opt/homebrew/include -D_FILE_OFFSET_BITS=64 -c -o htscodecs/htscodecs/tokenise_name3.o htscodecs/htscodecs/tokenise_name3.c
clang -std=gnu23 -g -O2 -fpic -fvisibility=hidden  -I. -I/opt/homebrew/opt/gettext/include -I/opt/homebrew/opt/readline/include -I/opt/homebrew/opt/xz/include -I/opt/homebrew/include -D_FILE_OFFSET_BITS=64 -c -o htscodecs/htscodecs/utils.o htscodecs/htscodecs/utils.c
clang -std=gnu23 -g -O2 -fpic -fvisibility=hidden  -I. -I/opt/homebrew/opt/gettext/include -I/opt/homebrew/opt/readline/include -I/opt/homebrew/opt/xz/include -I/opt/homebrew/include -D_FILE_OFFSET_BITS=64 -c -o hfile_libcurl.o hfile_libcurl.c
ar -rc libhts.a kfunc.o kstring.o bcf_sr_sort.o bgzf.o errmod.o faidx.o header.o hfile.o hts.o hts_expr.o hts_os.o md5.o multipart.o probaln.o realn.o regidx.o region.o sam.o sam_mods.o synced_bcf_reader.o vcf_sweep.o tbx.o textutils.o thread_pool.o vcf.o vcfutils.o cram/cram_codecs.o cram/cram_decode.o cram/cram_encode.o cram/cram_external.o cram/cram_index.o cram/cram_io.o cram/cram_stats.o cram/mFILE.o cram/open_trace_file.o cram/pooled_alloc.o cram/string_alloc.o htscodecs/htscodecs/arith_dynamic.o htscodecs/htscodecs/fqzcomp_qual.o htscodecs/htscodecs/htscodecs.o htscodecs/htscodecs/pack.o htscodecs/htscodecs/rANS_static4x16pr.o htscodecs/htscodecs/rANS_static32x16pr_avx2.o htscodecs/htscodecs/rANS_static32x16pr_avx512.o htscodecs/htscodecs/rANS_static32x16pr_sse4.o htscodecs/htscodecs/rANS_static32x16pr_neon.o htscodecs/htscodecs/rANS_static32x16pr.o htscodecs/htscodecs/rANS_static.o htscodecs/htscodecs/rle.o htscodecs/htscodecs/tokenise_name3.o htscodecs/htscodecs/utils.o hfile_libcurl.o
ranlib libhts.a
clang -std=gnu23 -dynamiclib -install_name /usr/local/lib/libhts.3.dylib -current_version 3.1.18 -compatibility_version 3.1.18 -L/opt/homebrew/opt/gettext/lib -L/opt/homebrew/opt/readline/lib -L/opt/homebrew/opt/xz/lib -L/opt/homebrew/lib -fvisibility=hidden -o libhts.dylib kfunc.o kstring.o bcf_sr_sort.o bgzf.o errmod.o faidx.o header.o hfile.o hts.o hts_expr.o hts_os.o md5.o multipart.o probaln.o realn.o regidx.o region.o sam.o sam_mods.o synced_bcf_reader.o vcf_sweep.o tbx.o textutils.o thread_pool.o vcf.o vcfutils.o cram/cram_codecs.o cram/cram_decode.o cram/cram_encode.o cram/cram_external.o cram/cram_index.o cram/cram_io.o cram/cram_stats.o cram/mFILE.o cram/open_trace_file.o cram/pooled_alloc.o cram/string_alloc.o htscodecs/htscodecs/arith_dynamic.o htscodecs/htscodecs/fqzcomp_qual.o htscodecs/htscodecs/htscodecs.o htscodecs/htscodecs/pack.o htscodecs/htscodecs/rANS_static4x16pr.o htscodecs/htscodecs/rANS_static32x16pr_avx2.o htscodecs/htscodecs/rANS_static32x16pr_avx512.o htscodecs/htscodecs/rANS_static32x16pr_sse4.o htscodecs/htscodecs/rANS_static32x16pr_neon.o htscodecs/htscodecs/rANS_static32x16pr.o htscodecs/htscodecs/rANS_static.o htscodecs/htscodecs/rle.o htscodecs/htscodecs/tokenise_name3.o htscodecs/htscodecs/utils.o hfile_libcurl.o -lz -lm -lbz2 -llzma -lcurl
ln -sf libhts.dylib libhts.3.dylib
mkdir -p "/opt/homebrew/lib/R/4.6/site-library/Rhtslib/include/htslib"
cd "htslib-1.18/htslib" && cp * "/opt/homebrew/lib/R/4.6/site-library/Rhtslib/include/htslib"
clang -std=gnu23 -I"/opt/homebrew/Cellar/r/4.6.0/lib/R/include" -DNDEBUG -D_FILE_OFFSET_BITS=64 -I"/opt/homebrew/lib/R/4.6/site-library/Rhtslib/include"  -I/opt/homebrew/opt/gettext/include -I/opt/homebrew/opt/readline/include -I/opt/homebrew/opt/xz/include -I/opt/homebrew/include    -fPIC  -g -O2  -c R_init_Rhtslib.c -o R_init_Rhtslib.o
mkdir -p "/opt/homebrew/lib/R/4.6/site-library/Rhtslib/usrlib"
cd "htslib-1.18" && cp libhts.a "/opt/homebrew/lib/R/4.6/site-library/Rhtslib/usrlib"
clang -std=gnu23 -dynamiclib -Wl,-headerpad_max_install_names -undefined dynamic_lookup -L/opt/homebrew/Cellar/r/4.6.0/lib/R/lib -L/opt/homebrew/opt/gettext/lib -L/opt/homebrew/opt/readline/lib -L/opt/homebrew/opt/xz/lib -L/opt/homebrew/lib -o Rhtslib.so R_init_Rhtslib.o /opt/homebrew/lib/R/4.6/site-library/Rhtslib/usrlib/libhts.a -lcurl -lbz2 -llzma -lz -L/opt/homebrew/Cellar/r/4.6.0/lib/R/lib -lR
mkdir -p "/opt/homebrew/lib/R/4.6/site-library/Rhtslib/testdata/tabix"
cd "htslib-1.18/test" && (cp *.sam *.bam *.vcf *.bcf *.cram *.fa *.fa.fai *.gff *.bed "/opt/homebrew/lib/R/4.6/site-library/Rhtslib/testdata" 2>/dev/null || true) && cd tabix && (cp *.sam *.bam *.vcf *.bcf *.cram *.fa *.fa.fai *.gff *.bed "/opt/homebrew/lib/R/4.6/site-library/Rhtslib/testdata/tabix" 2>/dev/null || true)
installing to /opt/homebrew/lib/R/4.6/site-library/Rhtslib/libs
** R
** inst
** byte-compile and prepare package for lazy loading
** help
*** installing help indices
** building package indices
** installing vignettes
** testing if installed package can be loaded
* DONE (Rhtslib)
begin installing package ‘Rsamtools’
* installing *source* package ‘RCurl’ ...
** this is package ‘RCurl’ version ‘1.98-1.19’
** package ‘RCurl’ successfully unpacked and MD5 sums checked
** using staged installation
checking for curl-config... /usr/bin/curl-config
checking for gcc... clang -std=gnu23
checking whether the C compiler works... yes
checking for C compiler default output file name... a.out
checking for suffix of executables... 
checking whether we are cross compiling... no
checking for suffix of object files... o
checking whether the compiler supports GNU C... yes
checking whether clang -std=gnu23 accepts -g... yes
checking for clang -std=gnu23 option to enable C11 features... -std=gnu11
checking how to run the C preprocessor... clang -std=gnu23 -std=gnu11 -E
Version has a libidn field
Version has CURLOPT_URL
Version has CURLINFO_EFFECTIVE_URL
Version has CURLINFO_RESPONSE_CODE
Version has CURLINFO_TOTAL_TIME
Version has CURLINFO_NAMELOOKUP_TIME
Version has CURLINFO_CONNECT_TIME
Version has CURLINFO_PRETRANSFER_TIME
Version has CURLINFO_SIZE_UPLOAD
Version has CURLINFO_SIZE_DOWNLOAD
Version has CURLINFO_SPEED_DOWNLOAD
Version has CURLINFO_SPEED_UPLOAD
Version has CURLINFO_HEADER_SIZE
Version has CURLINFO_REQUEST_SIZE
Version has CURLINFO_SSL_VERIFYRESULT
Version has CURLINFO_FILETIME
Version has CURLINFO_CONTENT_LENGTH_DOWNLOAD
Version has CURLINFO_CONTENT_LENGTH_UPLOAD
Version has CURLINFO_STARTTRANSFER_TIME
Version has CURLINFO_CONTENT_TYPE
Version has CURLINFO_REDIRECT_TIME
Version has CURLINFO_REDIRECT_COUNT
Version has CURLINFO_PRIVATE
Version has CURLINFO_HTTP_CONNECTCODE
Version has CURLINFO_HTTPAUTH_AVAIL
Version has CURLINFO_PROXYAUTH_AVAIL
Version has CURLINFO_OS_ERRNO
Version has CURLINFO_NUM_CONNECTS
Version has CURLINFO_SSL_ENGINES
Version has CURLINFO_COOKIELIST
Version has CURLINFO_LASTSOCKET
Version has CURLINFO_FTP_ENTRY_PATH
Version has CURLINFO_REDIRECT_URL
Version has CURLINFO_PRIMARY_IP
Version has CURLINFO_APPCONNECT_TIME
Version has CURLINFO_CERTINFO
Version has CURLINFO_CONDITION_UNMET
Version has CURLOPT_WRITEDATA
Version has CURLOPT_KEYPASSWD
Version has CURLOPT_DIRLISTONLY
Version has CURLOPT_APPEND
Version has CURLOPT_KRBLEVEL
Version has CURLOPT_USE_SSL
Version has CURLOPT_TIMEOUT_MS
Version has CURLOPT_CONNECTTIMEOUT_MS
Version has CURLOPT_HTTP_TRANSFER_DECODING
Version has CURLOPT_HTTP_CONTENT_DECODING
Version has CURLOPT_NEW_FILE_PERMS
Version has CURLOPT_NEW_DIRECTORY_PERMS
Version has CURLOPT_POSTREDIR
Version has CURLOPT_OPENSOCKETFUNCTION
Version has CURLOPT_OPENSOCKETDATA
Version has CURLOPT_COPYPOSTFIELDS
Version has CURLOPT_PROXY_TRANSFER_MODE
Version has CURLOPT_SEEKFUNCTION
Version has CURLOPT_SEEKDATA
Version has CURLOPT_CRLFILE
Version has CURLOPT_ISSUERCERT
Version has CURLOPT_ADDRESS_SCOPE
Version has CURLOPT_CERTINFO
Version has CURLOPT_USERNAME
Version has CURLOPT_PASSWORD
Version has CURLOPT_PROXYUSERNAME
Version has CURLOPT_PROXYPASSWORD
Version has CURLOPT_SSH_HOST_PUBLIC_KEY_MD5
Version has CURLOPT_NOPROXY
Version has CURLOPT_TFTP_BLKSIZE
Version has CURLOPT_SOCKS5_GSSAPI_SERVICE
Version has CURLOPT_SOCKS5_GSSAPI_NEC
Version has CURLOPT_PROTOCOLS
Version has CURLOPT_REDIR_PROTOCOLS
Version has CURLOPT_SSH_AUTH_TYPES
Version has CURLOPT_SSH_PUBLIC_KEYFILE
Version has CURLOPT_SSH_PRIVATE_KEYFILE
Version has CURLOPT_FTP_SSL_CCC
Version has CURLOPT_COOKIELIST
Version has CURLOPT_IGNORE_CONTENT_LENGTH
Version has CURLOPT_FTP_SKIP_PASV_IP
Version has CURLOPT_FTP_FILEMETHOD
Version has CURLOPT_LOCALPORT
Version has CURLOPT_LOCALPORTRANGE
Version has CURLOPT_CONNECT_ONLY
Version has CURLOPT_CONV_FROM_NETWORK_FUNCTION
Version has CURLOPT_CONV_TO_NETWORK_FUNCTION
Version has CURLOPT_CONV_FROM_UTF8_FUNCTION
Version has CURLOPT_MAX_SEND_SPEED_LARGE
Version has CURLOPT_MAX_RECV_SPEED_LARGE
Version has CURLOPT_FTP_ALTERNATIVE_TO_USER
Version has CURLOPT_SOCKOPTFUNCTION
Version has CURLOPT_SOCKOPTDATA
Version has CURLOPT_SSL_SESSIONID_CACHE
libcurl version: libcurl 8.7.1
configure: creating ./config.status
config.status: creating src/Makevars
** libs
using C compiler: ‘Apple clang version 17.0.0 (clang-1700.0.13.5)’
using SDK: ‘MacOSX15.5.sdk’
clang -std=gnu23 -I"/opt/homebrew/Cellar/r/4.6.0/lib/R/include" -DNDEBUG -DCURL_DISABLE_DEPRECATION -DHAVE_LIBIDN_FIELD=1 -DHAVE_CURLOPT_URL=1 -DHAVE_CURLINFO_EFFECTIVE_URL=1 -DHAVE_CURLINFO_RESPONSE_CODE=1 -DHAVE_CURLINFO_TOTAL_TIME=1 -DHAVE_CURLINFO_NAMELOOKUP_TIME=1 -DHAVE_CURLINFO_CONNECT_TIME=1 -DHAVE_CURLINFO_PRETRANSFER_TIME=1 -DHAVE_CURLINFO_SIZE_UPLOAD=1 -DHAVE_CURLINFO_SIZE_DOWNLOAD=1 -DHAVE_CURLINFO_SPEED_DOWNLOAD=1 -DHAVE_CURLINFO_SPEED_UPLOAD=1 -DHAVE_CURLINFO_HEADER_SIZE=1 -DHAVE_CURLINFO_REQUEST_SIZE=1 -DHAVE_CURLINFO_SSL_VERIFYRESULT=1 -DHAVE_CURLINFO_FILETIME=1 -DHAVE_CURLINFO_CONTENT_LENGTH_DOWNLOAD=1 -DHAVE_CURLINFO_CONTENT_LENGTH_UPLOAD=1 -DHAVE_CURLINFO_STARTTRANSFER_TIME=1 -DHAVE_CURLINFO_CONTENT_TYPE=1 -DHAVE_CURLINFO_REDIRECT_TIME=1 -DHAVE_CURLINFO_REDIRECT_COUNT=1 -DHAVE_CURLINFO_PRIVATE=1 -DHAVE_CURLINFO_HTTP_CONNECTCODE=1 -DHAVE_CURLINFO_HTTPAUTH_AVAIL=1 -DHAVE_CURLINFO_PROXYAUTH_AVAIL=1 -DHAVE_CURLINFO_OS_ERRNO=1 -DHAVE_CURLINFO_NUM_CONNECTS=1 -DHAVE_CURLINFO_SSL_ENGINES=1 -DHAVE_CURLINFO_COOKIELIST=1 -DHAVE_CURLINFO_LASTSOCKET=1 -DHAVE_CURLINFO_FTP_ENTRY_PATH=1 -DHAVE_CURLINFO_REDIRECT_URL=1 -DHAVE_CURLINFO_PRIMARY_IP=1 -DHAVE_CURLINFO_APPCONNECT_TIME=1 -DHAVE_CURLINFO_CERTINFO=1 -DHAVE_CURLINFO_CONDITION_UNMET=1 -DHAVE_CURLOPT_WRITEDATA=1 -DHAVE_CURLOPT_KEYPASSWD=1 -DHAVE_CURLOPT_DIRLISTONLY=1 -DHAVE_CURLOPT_APPEND=1 -DHAVE_CURLOPT_KRBLEVEL=1 -DHAVE_CURLOPT_USE_SSL=1 -DHAVE_CURLOPT_TIMEOUT_MS=1 -DHAVE_CURLOPT_CONNECTTIMEOUT_MS=1 -DHAVE_CURLOPT_HTTP_TRANSFER_DECODING=1 -DHAVE_CURLOPT_HTTP_CONTENT_DECODING=1 -DHAVE_CURLOPT_NEW_FILE_PERMS=1 -DHAVE_CURLOPT_NEW_DIRECTORY_PERMS=1 -DHAVE_CURLOPT_POSTREDIR=1 -DHAVE_CURLOPT_OPENSOCKETFUNCTION=1 -DHAVE_CURLOPT_OPENSOCKETDATA=1 -DHAVE_CURLOPT_COPYPOSTFIELDS=1 -DHAVE_CURLOPT_PROXY_TRANSFER_MODE=1 -DHAVE_CURLOPT_SEEKFUNCTION=1 -DHAVE_CURLOPT_SEEKDATA=1 -DHAVE_CURLOPT_CRLFILE=1 -DHAVE_CURLOPT_ISSUERCERT=1 -DHAVE_CURLOPT_ADDRESS_SCOPE=1 -DHAVE_CURLOPT_CERTINFO=1 -DHAVE_CURLOPT_USERNAME=1 -DHAVE_CURLOPT_PASSWORD=1 -DHAVE_CURLOPT_PROXYUSERNAME=1 -DHAVE_CURLOPT_PROXYPASSWORD=1 -DHAVE_CURLOPT_SSH_HOST_PUBLIC_KEY_MD5=1 -DHAVE_CURLOPT_NOPROXY=1 -DHAVE_CURLOPT_TFTP_BLKSIZE=1 -DHAVE_CURLOPT_SOCKS5_GSSAPI_SERVICE=1 -DHAVE_CURLOPT_SOCKS5_GSSAPI_NEC=1 -DHAVE_CURLOPT_PROTOCOLS=1 -DHAVE_CURLOPT_REDIR_PROTOCOLS=1 -DHAVE_CURLOPT_SSH_AUTH_TYPES=1 -DHAVE_CURLOPT_SSH_PUBLIC_KEYFILE=1 -DHAVE_CURLOPT_SSH_PRIVATE_KEYFILE=1 -DHAVE_CURLOPT_FTP_SSL_CCC=1 -DHAVE_CURLOPT_COOKIELIST=1 -DHAVE_CURLOPT_IGNORE_CONTENT_LENGTH=1 -DHAVE_CURLOPT_FTP_SKIP_PASV_IP=1 -DHAVE_CURLOPT_FTP_FILEMETHOD=1 -DHAVE_CURLOPT_LOCALPORT=1 -DHAVE_CURLOPT_LOCALPORTRANGE=1 -DHAVE_CURLOPT_CONNECT_ONLY=1 -DHAVE_CURLOPT_CONV_FROM_NETWORK_FUNCTION=1 -DHAVE_CURLOPT_CONV_TO_NETWORK_FUNCTION=1 -DHAVE_CURLOPT_CONV_FROM_UTF8_FUNCTION=1 -DHAVE_CURLOPT_MAX_SEND_SPEED_LARGE=1 -DHAVE_CURLOPT_MAX_RECV_SPEED_LARGE=1 -DHAVE_CURLOPT_FTP_ALTERNATIVE_TO_USER=1 -DHAVE_CURLOPT_SOCKOPTFUNCTION=1 -DHAVE_CURLOPT_SOCKOPTDATA=1 -DHAVE_CURLOPT_SSL_SESSIONID_CACHE=1 -I/Library/Developer/CommandLineTools/SDKs/MacOSX.sdk/usr/include  -I/opt/homebrew/opt/gettext/include -I/opt/homebrew/opt/readline/include -I/opt/homebrew/opt/xz/include -I/opt/homebrew/include    -fPIC  -g -O2  -c base64.c -o base64.o
clang -std=gnu23 -I"/opt/homebrew/Cellar/r/4.6.0/lib/R/include" -DNDEBUG -DCURL_DISABLE_DEPRECATION -DHAVE_LIBIDN_FIELD=1 -DHAVE_CURLOPT_URL=1 -DHAVE_CURLINFO_EFFECTIVE_URL=1 -DHAVE_CURLINFO_RESPONSE_CODE=1 -DHAVE_CURLINFO_TOTAL_TIME=1 -DHAVE_CURLINFO_NAMELOOKUP_TIME=1 -DHAVE_CURLINFO_CONNECT_TIME=1 -DHAVE_CURLINFO_PRETRANSFER_TIME=1 -DHAVE_CURLINFO_SIZE_UPLOAD=1 -DHAVE_CURLINFO_SIZE_DOWNLOAD=1 -DHAVE_CURLINFO_SPEED_DOWNLOAD=1 -DHAVE_CURLINFO_SPEED_UPLOAD=1 -DHAVE_CURLINFO_HEADER_SIZE=1 -DHAVE_CURLINFO_REQUEST_SIZE=1 -DHAVE_CURLINFO_SSL_VERIFYRESULT=1 -DHAVE_CURLINFO_FILETIME=1 -DHAVE_CURLINFO_CONTENT_LENGTH_DOWNLOAD=1 -DHAVE_CURLINFO_CONTENT_LENGTH_UPLOAD=1 -DHAVE_CURLINFO_STARTTRANSFER_TIME=1 -DHAVE_CURLINFO_CONTENT_TYPE=1 -DHAVE_CURLINFO_REDIRECT_TIME=1 -DHAVE_CURLINFO_REDIRECT_COUNT=1 -DHAVE_CURLINFO_PRIVATE=1 -DHAVE_CURLINFO_HTTP_CONNECTCODE=1 -DHAVE_CURLINFO_HTTPAUTH_AVAIL=1 -DHAVE_CURLINFO_PROXYAUTH_AVAIL=1 -DHAVE_CURLINFO_OS_ERRNO=1 -DHAVE_CURLINFO_NUM_CONNECTS=1 -DHAVE_CURLINFO_SSL_ENGINES=1 -DHAVE_CURLINFO_COOKIELIST=1 -DHAVE_CURLINFO_LASTSOCKET=1 -DHAVE_CURLINFO_FTP_ENTRY_PATH=1 -DHAVE_CURLINFO_REDIRECT_URL=1 -DHAVE_CURLINFO_PRIMARY_IP=1 -DHAVE_CURLINFO_APPCONNECT_TIME=1 -DHAVE_CURLINFO_CERTINFO=1 -DHAVE_CURLINFO_CONDITION_UNMET=1 -DHAVE_CURLOPT_WRITEDATA=1 -DHAVE_CURLOPT_KEYPASSWD=1 -DHAVE_CURLOPT_DIRLISTONLY=1 -DHAVE_CURLOPT_APPEND=1 -DHAVE_CURLOPT_KRBLEVEL=1 -DHAVE_CURLOPT_USE_SSL=1 -DHAVE_CURLOPT_TIMEOUT_MS=1 -DHAVE_CURLOPT_CONNECTTIMEOUT_MS=1 -DHAVE_CURLOPT_HTTP_TRANSFER_DECODING=1 -DHAVE_CURLOPT_HTTP_CONTENT_DECODING=1 -DHAVE_CURLOPT_NEW_FILE_PERMS=1 -DHAVE_CURLOPT_NEW_DIRECTORY_PERMS=1 -DHAVE_CURLOPT_POSTREDIR=1 -DHAVE_CURLOPT_OPENSOCKETFUNCTION=1 -DHAVE_CURLOPT_OPENSOCKETDATA=1 -DHAVE_CURLOPT_COPYPOSTFIELDS=1 -DHAVE_CURLOPT_PROXY_TRANSFER_MODE=1 -DHAVE_CURLOPT_SEEKFUNCTION=1 -DHAVE_CURLOPT_SEEKDATA=1 -DHAVE_CURLOPT_CRLFILE=1 -DHAVE_CURLOPT_ISSUERCERT=1 -DHAVE_CURLOPT_ADDRESS_SCOPE=1 -DHAVE_CURLOPT_CERTINFO=1 -DHAVE_CURLOPT_USERNAME=1 -DHAVE_CURLOPT_PASSWORD=1 -DHAVE_CURLOPT_PROXYUSERNAME=1 -DHAVE_CURLOPT_PROXYPASSWORD=1 -DHAVE_CURLOPT_SSH_HOST_PUBLIC_KEY_MD5=1 -DHAVE_CURLOPT_NOPROXY=1 -DHAVE_CURLOPT_TFTP_BLKSIZE=1 -DHAVE_CURLOPT_SOCKS5_GSSAPI_SERVICE=1 -DHAVE_CURLOPT_SOCKS5_GSSAPI_NEC=1 -DHAVE_CURLOPT_PROTOCOLS=1 -DHAVE_CURLOPT_REDIR_PROTOCOLS=1 -DHAVE_CURLOPT_SSH_AUTH_TYPES=1 -DHAVE_CURLOPT_SSH_PUBLIC_KEYFILE=1 -DHAVE_CURLOPT_SSH_PRIVATE_KEYFILE=1 -DHAVE_CURLOPT_FTP_SSL_CCC=1 -DHAVE_CURLOPT_COOKIELIST=1 -DHAVE_CURLOPT_IGNORE_CONTENT_LENGTH=1 -DHAVE_CURLOPT_FTP_SKIP_PASV_IP=1 -DHAVE_CURLOPT_FTP_FILEMETHOD=1 -DHAVE_CURLOPT_LOCALPORT=1 -DHAVE_CURLOPT_LOCALPORTRANGE=1 -DHAVE_CURLOPT_CONNECT_ONLY=1 -DHAVE_CURLOPT_CONV_FROM_NETWORK_FUNCTION=1 -DHAVE_CURLOPT_CONV_TO_NETWORK_FUNCTION=1 -DHAVE_CURLOPT_CONV_FROM_UTF8_FUNCTION=1 -DHAVE_CURLOPT_MAX_SEND_SPEED_LARGE=1 -DHAVE_CURLOPT_MAX_RECV_SPEED_LARGE=1 -DHAVE_CURLOPT_FTP_ALTERNATIVE_TO_USER=1 -DHAVE_CURLOPT_SOCKOPTFUNCTION=1 -DHAVE_CURLOPT_SOCKOPTDATA=1 -DHAVE_CURLOPT_SSL_SESSIONID_CACHE=1 -I/Library/Developer/CommandLineTools/SDKs/MacOSX.sdk/usr/include  -I/opt/homebrew/opt/gettext/include -I/opt/homebrew/opt/readline/include -I/opt/homebrew/opt/xz/include -I/opt/homebrew/include    -fPIC  -g -O2  -c curl.c -o curl.o
clang -std=gnu23 -I"/opt/homebrew/Cellar/r/4.6.0/lib/R/include" -DNDEBUG -DCURL_DISABLE_DEPRECATION -DHAVE_LIBIDN_FIELD=1 -DHAVE_CURLOPT_URL=1 -DHAVE_CURLINFO_EFFECTIVE_URL=1 -DHAVE_CURLINFO_RESPONSE_CODE=1 -DHAVE_CURLINFO_TOTAL_TIME=1 -DHAVE_CURLINFO_NAMELOOKUP_TIME=1 -DHAVE_CURLINFO_CONNECT_TIME=1 -DHAVE_CURLINFO_PRETRANSFER_TIME=1 -DHAVE_CURLINFO_SIZE_UPLOAD=1 -DHAVE_CURLINFO_SIZE_DOWNLOAD=1 -DHAVE_CURLINFO_SPEED_DOWNLOAD=1 -DHAVE_CURLINFO_SPEED_UPLOAD=1 -DHAVE_CURLINFO_HEADER_SIZE=1 -DHAVE_CURLINFO_REQUEST_SIZE=1 -DHAVE_CURLINFO_SSL_VERIFYRESULT=1 -DHAVE_CURLINFO_FILETIME=1 -DHAVE_CURLINFO_CONTENT_LENGTH_DOWNLOAD=1 -DHAVE_CURLINFO_CONTENT_LENGTH_UPLOAD=1 -DHAVE_CURLINFO_STARTTRANSFER_TIME=1 -DHAVE_CURLINFO_CONTENT_TYPE=1 -DHAVE_CURLINFO_REDIRECT_TIME=1 -DHAVE_CURLINFO_REDIRECT_COUNT=1 -DHAVE_CURLINFO_PRIVATE=1 -DHAVE_CURLINFO_HTTP_CONNECTCODE=1 -DHAVE_CURLINFO_HTTPAUTH_AVAIL=1 -DHAVE_CURLINFO_PROXYAUTH_AVAIL=1 -DHAVE_CURLINFO_OS_ERRNO=1 -DHAVE_CURLINFO_NUM_CONNECTS=1 -DHAVE_CURLINFO_SSL_ENGINES=1 -DHAVE_CURLINFO_COOKIELIST=1 -DHAVE_CURLINFO_LASTSOCKET=1 -DHAVE_CURLINFO_FTP_ENTRY_PATH=1 -DHAVE_CURLINFO_REDIRECT_URL=1 -DHAVE_CURLINFO_PRIMARY_IP=1 -DHAVE_CURLINFO_APPCONNECT_TIME=1 -DHAVE_CURLINFO_CERTINFO=1 -DHAVE_CURLINFO_CONDITION_UNMET=1 -DHAVE_CURLOPT_WRITEDATA=1 -DHAVE_CURLOPT_KEYPASSWD=1 -DHAVE_CURLOPT_DIRLISTONLY=1 -DHAVE_CURLOPT_APPEND=1 -DHAVE_CURLOPT_KRBLEVEL=1 -DHAVE_CURLOPT_USE_SSL=1 -DHAVE_CURLOPT_TIMEOUT_MS=1 -DHAVE_CURLOPT_CONNECTTIMEOUT_MS=1 -DHAVE_CURLOPT_HTTP_TRANSFER_DECODING=1 -DHAVE_CURLOPT_HTTP_CONTENT_DECODING=1 -DHAVE_CURLOPT_NEW_FILE_PERMS=1 -DHAVE_CURLOPT_NEW_DIRECTORY_PERMS=1 -DHAVE_CURLOPT_POSTREDIR=1 -DHAVE_CURLOPT_OPENSOCKETFUNCTION=1 -DHAVE_CURLOPT_OPENSOCKETDATA=1 -DHAVE_CURLOPT_COPYPOSTFIELDS=1 -DHAVE_CURLOPT_PROXY_TRANSFER_MODE=1 -DHAVE_CURLOPT_SEEKFUNCTION=1 -DHAVE_CURLOPT_SEEKDATA=1 -DHAVE_CURLOPT_CRLFILE=1 -DHAVE_CURLOPT_ISSUERCERT=1 -DHAVE_CURLOPT_ADDRESS_SCOPE=1 -DHAVE_CURLOPT_CERTINFO=1 -DHAVE_CURLOPT_USERNAME=1 -DHAVE_CURLOPT_PASSWORD=1 -DHAVE_CURLOPT_PROXYUSERNAME=1 -DHAVE_CURLOPT_PROXYPASSWORD=1 -DHAVE_CURLOPT_SSH_HOST_PUBLIC_KEY_MD5=1 -DHAVE_CURLOPT_NOPROXY=1 -DHAVE_CURLOPT_TFTP_BLKSIZE=1 -DHAVE_CURLOPT_SOCKS5_GSSAPI_SERVICE=1 -DHAVE_CURLOPT_SOCKS5_GSSAPI_NEC=1 -DHAVE_CURLOPT_PROTOCOLS=1 -DHAVE_CURLOPT_REDIR_PROTOCOLS=1 -DHAVE_CURLOPT_SSH_AUTH_TYPES=1 -DHAVE_CURLOPT_SSH_PUBLIC_KEYFILE=1 -DHAVE_CURLOPT_SSH_PRIVATE_KEYFILE=1 -DHAVE_CURLOPT_FTP_SSL_CCC=1 -DHAVE_CURLOPT_COOKIELIST=1 -DHAVE_CURLOPT_IGNORE_CONTENT_LENGTH=1 -DHAVE_CURLOPT_FTP_SKIP_PASV_IP=1 -DHAVE_CURLOPT_FTP_FILEMETHOD=1 -DHAVE_CURLOPT_LOCALPORT=1 -DHAVE_CURLOPT_LOCALPORTRANGE=1 -DHAVE_CURLOPT_CONNECT_ONLY=1 -DHAVE_CURLOPT_CONV_FROM_NETWORK_FUNCTION=1 -DHAVE_CURLOPT_CONV_TO_NETWORK_FUNCTION=1 -DHAVE_CURLOPT_CONV_FROM_UTF8_FUNCTION=1 -DHAVE_CURLOPT_MAX_SEND_SPEED_LARGE=1 -DHAVE_CURLOPT_MAX_RECV_SPEED_LARGE=1 -DHAVE_CURLOPT_FTP_ALTERNATIVE_TO_USER=1 -DHAVE_CURLOPT_SOCKOPTFUNCTION=1 -DHAVE_CURLOPT_SOCKOPTDATA=1 -DHAVE_CURLOPT_SSL_SESSIONID_CACHE=1 -I/Library/Developer/CommandLineTools/SDKs/MacOSX.sdk/usr/include  -I/opt/homebrew/opt/gettext/include -I/opt/homebrew/opt/readline/include -I/opt/homebrew/opt/xz/include -I/opt/homebrew/include    -fPIC  -g -O2  -c curlInit.c -o curlInit.o
clang -std=gnu23 -I"/opt/homebrew/Cellar/r/4.6.0/lib/R/include" -DNDEBUG -DCURL_DISABLE_DEPRECATION -DHAVE_LIBIDN_FIELD=1 -DHAVE_CURLOPT_URL=1 -DHAVE_CURLINFO_EFFECTIVE_URL=1 -DHAVE_CURLINFO_RESPONSE_CODE=1 -DHAVE_CURLINFO_TOTAL_TIME=1 -DHAVE_CURLINFO_NAMELOOKUP_TIME=1 -DHAVE_CURLINFO_CONNECT_TIME=1 -DHAVE_CURLINFO_PRETRANSFER_TIME=1 -DHAVE_CURLINFO_SIZE_UPLOAD=1 -DHAVE_CURLINFO_SIZE_DOWNLOAD=1 -DHAVE_CURLINFO_SPEED_DOWNLOAD=1 -DHAVE_CURLINFO_SPEED_UPLOAD=1 -DHAVE_CURLINFO_HEADER_SIZE=1 -DHAVE_CURLINFO_REQUEST_SIZE=1 -DHAVE_CURLINFO_SSL_VERIFYRESULT=1 -DHAVE_CURLINFO_FILETIME=1 -DHAVE_CURLINFO_CONTENT_LENGTH_DOWNLOAD=1 -DHAVE_CURLINFO_CONTENT_LENGTH_UPLOAD=1 -DHAVE_CURLINFO_STARTTRANSFER_TIME=1 -DHAVE_CURLINFO_CONTENT_TYPE=1 -DHAVE_CURLINFO_REDIRECT_TIME=1 -DHAVE_CURLINFO_REDIRECT_COUNT=1 -DHAVE_CURLINFO_PRIVATE=1 -DHAVE_CURLINFO_HTTP_CONNECTCODE=1 -DHAVE_CURLINFO_HTTPAUTH_AVAIL=1 -DHAVE_CURLINFO_PROXYAUTH_AVAIL=1 -DHAVE_CURLINFO_OS_ERRNO=1 -DHAVE_CURLINFO_NUM_CONNECTS=1 -DHAVE_CURLINFO_SSL_ENGINES=1 -DHAVE_CURLINFO_COOKIELIST=1 -DHAVE_CURLINFO_LASTSOCKET=1 -DHAVE_CURLINFO_FTP_ENTRY_PATH=1 -DHAVE_CURLINFO_REDIRECT_URL=1 -DHAVE_CURLINFO_PRIMARY_IP=1 -DHAVE_CURLINFO_APPCONNECT_TIME=1 -DHAVE_CURLINFO_CERTINFO=1 -DHAVE_CURLINFO_CONDITION_UNMET=1 -DHAVE_CURLOPT_WRITEDATA=1 -DHAVE_CURLOPT_KEYPASSWD=1 -DHAVE_CURLOPT_DIRLISTONLY=1 -DHAVE_CURLOPT_APPEND=1 -DHAVE_CURLOPT_KRBLEVEL=1 -DHAVE_CURLOPT_USE_SSL=1 -DHAVE_CURLOPT_TIMEOUT_MS=1 -DHAVE_CURLOPT_CONNECTTIMEOUT_MS=1 -DHAVE_CURLOPT_HTTP_TRANSFER_DECODING=1 -DHAVE_CURLOPT_HTTP_CONTENT_DECODING=1 -DHAVE_CURLOPT_NEW_FILE_PERMS=1 -DHAVE_CURLOPT_NEW_DIRECTORY_PERMS=1 -DHAVE_CURLOPT_POSTREDIR=1 -DHAVE_CURLOPT_OPENSOCKETFUNCTION=1 -DHAVE_CURLOPT_OPENSOCKETDATA=1 -DHAVE_CURLOPT_COPYPOSTFIELDS=1 -DHAVE_CURLOPT_PROXY_TRANSFER_MODE=1 -DHAVE_CURLOPT_SEEKFUNCTION=1 -DHAVE_CURLOPT_SEEKDATA=1 -DHAVE_CURLOPT_CRLFILE=1 -DHAVE_CURLOPT_ISSUERCERT=1 -DHAVE_CURLOPT_ADDRESS_SCOPE=1 -DHAVE_CURLOPT_CERTINFO=1 -DHAVE_CURLOPT_USERNAME=1 -DHAVE_CURLOPT_PASSWORD=1 -DHAVE_CURLOPT_PROXYUSERNAME=1 -DHAVE_CURLOPT_PROXYPASSWORD=1 -DHAVE_CURLOPT_SSH_HOST_PUBLIC_KEY_MD5=1 -DHAVE_CURLOPT_NOPROXY=1 -DHAVE_CURLOPT_TFTP_BLKSIZE=1 -DHAVE_CURLOPT_SOCKS5_GSSAPI_SERVICE=1 -DHAVE_CURLOPT_SOCKS5_GSSAPI_NEC=1 -DHAVE_CURLOPT_PROTOCOLS=1 -DHAVE_CURLOPT_REDIR_PROTOCOLS=1 -DHAVE_CURLOPT_SSH_AUTH_TYPES=1 -DHAVE_CURLOPT_SSH_PUBLIC_KEYFILE=1 -DHAVE_CURLOPT_SSH_PRIVATE_KEYFILE=1 -DHAVE_CURLOPT_FTP_SSL_CCC=1 -DHAVE_CURLOPT_COOKIELIST=1 -DHAVE_CURLOPT_IGNORE_CONTENT_LENGTH=1 -DHAVE_CURLOPT_FTP_SKIP_PASV_IP=1 -DHAVE_CURLOPT_FTP_FILEMETHOD=1 -DHAVE_CURLOPT_LOCALPORT=1 -DHAVE_CURLOPT_LOCALPORTRANGE=1 -DHAVE_CURLOPT_CONNECT_ONLY=1 -DHAVE_CURLOPT_CONV_FROM_NETWORK_FUNCTION=1 -DHAVE_CURLOPT_CONV_TO_NETWORK_FUNCTION=1 -DHAVE_CURLOPT_CONV_FROM_UTF8_FUNCTION=1 -DHAVE_CURLOPT_MAX_SEND_SPEED_LARGE=1 -DHAVE_CURLOPT_MAX_RECV_SPEED_LARGE=1 -DHAVE_CURLOPT_FTP_ALTERNATIVE_TO_USER=1 -DHAVE_CURLOPT_SOCKOPTFUNCTION=1 -DHAVE_CURLOPT_SOCKOPTDATA=1 -DHAVE_CURLOPT_SSL_SESSIONID_CACHE=1 -I/Library/Developer/CommandLineTools/SDKs/MacOSX.sdk/usr/include  -I/opt/homebrew/opt/gettext/include -I/opt/homebrew/opt/readline/include -I/opt/homebrew/opt/xz/include -I/opt/homebrew/include    -fPIC  -g -O2  -c curl_base64.c -o curl_base64.o
clang -std=gnu23 -I"/opt/homebrew/Cellar/r/4.6.0/lib/R/include" -DNDEBUG -DCURL_DISABLE_DEPRECATION -DHAVE_LIBIDN_FIELD=1 -DHAVE_CURLOPT_URL=1 -DHAVE_CURLINFO_EFFECTIVE_URL=1 -DHAVE_CURLINFO_RESPONSE_CODE=1 -DHAVE_CURLINFO_TOTAL_TIME=1 -DHAVE_CURLINFO_NAMELOOKUP_TIME=1 -DHAVE_CURLINFO_CONNECT_TIME=1 -DHAVE_CURLINFO_PRETRANSFER_TIME=1 -DHAVE_CURLINFO_SIZE_UPLOAD=1 -DHAVE_CURLINFO_SIZE_DOWNLOAD=1 -DHAVE_CURLINFO_SPEED_DOWNLOAD=1 -DHAVE_CURLINFO_SPEED_UPLOAD=1 -DHAVE_CURLINFO_HEADER_SIZE=1 -DHAVE_CURLINFO_REQUEST_SIZE=1 -DHAVE_CURLINFO_SSL_VERIFYRESULT=1 -DHAVE_CURLINFO_FILETIME=1 -DHAVE_CURLINFO_CONTENT_LENGTH_DOWNLOAD=1 -DHAVE_CURLINFO_CONTENT_LENGTH_UPLOAD=1 -DHAVE_CURLINFO_STARTTRANSFER_TIME=1 -DHAVE_CURLINFO_CONTENT_TYPE=1 -DHAVE_CURLINFO_REDIRECT_TIME=1 -DHAVE_CURLINFO_REDIRECT_COUNT=1 -DHAVE_CURLINFO_PRIVATE=1 -DHAVE_CURLINFO_HTTP_CONNECTCODE=1 -DHAVE_CURLINFO_HTTPAUTH_AVAIL=1 -DHAVE_CURLINFO_PROXYAUTH_AVAIL=1 -DHAVE_CURLINFO_OS_ERRNO=1 -DHAVE_CURLINFO_NUM_CONNECTS=1 -DHAVE_CURLINFO_SSL_ENGINES=1 -DHAVE_CURLINFO_COOKIELIST=1 -DHAVE_CURLINFO_LASTSOCKET=1 -DHAVE_CURLINFO_FTP_ENTRY_PATH=1 -DHAVE_CURLINFO_REDIRECT_URL=1 -DHAVE_CURLINFO_PRIMARY_IP=1 -DHAVE_CURLINFO_APPCONNECT_TIME=1 -DHAVE_CURLINFO_CERTINFO=1 -DHAVE_CURLINFO_CONDITION_UNMET=1 -DHAVE_CURLOPT_WRITEDATA=1 -DHAVE_CURLOPT_KEYPASSWD=1 -DHAVE_CURLOPT_DIRLISTONLY=1 -DHAVE_CURLOPT_APPEND=1 -DHAVE_CURLOPT_KRBLEVEL=1 -DHAVE_CURLOPT_USE_SSL=1 -DHAVE_CURLOPT_TIMEOUT_MS=1 -DHAVE_CURLOPT_CONNECTTIMEOUT_MS=1 -DHAVE_CURLOPT_HTTP_TRANSFER_DECODING=1 -DHAVE_CURLOPT_HTTP_CONTENT_DECODING=1 -DHAVE_CURLOPT_NEW_FILE_PERMS=1 -DHAVE_CURLOPT_NEW_DIRECTORY_PERMS=1 -DHAVE_CURLOPT_POSTREDIR=1 -DHAVE_CURLOPT_OPENSOCKETFUNCTION=1 -DHAVE_CURLOPT_OPENSOCKETDATA=1 -DHAVE_CURLOPT_COPYPOSTFIELDS=1 -DHAVE_CURLOPT_PROXY_TRANSFER_MODE=1 -DHAVE_CURLOPT_SEEKFUNCTION=1 -DHAVE_CURLOPT_SEEKDATA=1 -DHAVE_CURLOPT_CRLFILE=1 -DHAVE_CURLOPT_ISSUERCERT=1 -DHAVE_CURLOPT_ADDRESS_SCOPE=1 -DHAVE_CURLOPT_CERTINFO=1 -DHAVE_CURLOPT_USERNAME=1 -DHAVE_CURLOPT_PASSWORD=1 -DHAVE_CURLOPT_PROXYUSERNAME=1 -DHAVE_CURLOPT_PROXYPASSWORD=1 -DHAVE_CURLOPT_SSH_HOST_PUBLIC_KEY_MD5=1 -DHAVE_CURLOPT_NOPROXY=1 -DHAVE_CURLOPT_TFTP_BLKSIZE=1 -DHAVE_CURLOPT_SOCKS5_GSSAPI_SERVICE=1 -DHAVE_CURLOPT_SOCKS5_GSSAPI_NEC=1 -DHAVE_CURLOPT_PROTOCOLS=1 -DHAVE_CURLOPT_REDIR_PROTOCOLS=1 -DHAVE_CURLOPT_SSH_AUTH_TYPES=1 -DHAVE_CURLOPT_SSH_PUBLIC_KEYFILE=1 -DHAVE_CURLOPT_SSH_PRIVATE_KEYFILE=1 -DHAVE_CURLOPT_FTP_SSL_CCC=1 -DHAVE_CURLOPT_COOKIELIST=1 -DHAVE_CURLOPT_IGNORE_CONTENT_LENGTH=1 -DHAVE_CURLOPT_FTP_SKIP_PASV_IP=1 -DHAVE_CURLOPT_FTP_FILEMETHOD=1 -DHAVE_CURLOPT_LOCALPORT=1 -DHAVE_CURLOPT_LOCALPORTRANGE=1 -DHAVE_CURLOPT_CONNECT_ONLY=1 -DHAVE_CURLOPT_CONV_FROM_NETWORK_FUNCTION=1 -DHAVE_CURLOPT_CONV_TO_NETWORK_FUNCTION=1 -DHAVE_CURLOPT_CONV_FROM_UTF8_FUNCTION=1 -DHAVE_CURLOPT_MAX_SEND_SPEED_LARGE=1 -DHAVE_CURLOPT_MAX_RECV_SPEED_LARGE=1 -DHAVE_CURLOPT_FTP_ALTERNATIVE_TO_USER=1 -DHAVE_CURLOPT_SOCKOPTFUNCTION=1 -DHAVE_CURLOPT_SOCKOPTDATA=1 -DHAVE_CURLOPT_SSL_SESSIONID_CACHE=1 -I/Library/Developer/CommandLineTools/SDKs/MacOSX.sdk/usr/include  -I/opt/homebrew/opt/gettext/include -I/opt/homebrew/opt/readline/include -I/opt/homebrew/opt/xz/include -I/opt/homebrew/include    -fPIC  -g -O2  -c enums.c -o enums.o
clang -std=gnu23 -I"/opt/homebrew/Cellar/r/4.6.0/lib/R/include" -DNDEBUG -DCURL_DISABLE_DEPRECATION -DHAVE_LIBIDN_FIELD=1 -DHAVE_CURLOPT_URL=1 -DHAVE_CURLINFO_EFFECTIVE_URL=1 -DHAVE_CURLINFO_RESPONSE_CODE=1 -DHAVE_CURLINFO_TOTAL_TIME=1 -DHAVE_CURLINFO_NAMELOOKUP_TIME=1 -DHAVE_CURLINFO_CONNECT_TIME=1 -DHAVE_CURLINFO_PRETRANSFER_TIME=1 -DHAVE_CURLINFO_SIZE_UPLOAD=1 -DHAVE_CURLINFO_SIZE_DOWNLOAD=1 -DHAVE_CURLINFO_SPEED_DOWNLOAD=1 -DHAVE_CURLINFO_SPEED_UPLOAD=1 -DHAVE_CURLINFO_HEADER_SIZE=1 -DHAVE_CURLINFO_REQUEST_SIZE=1 -DHAVE_CURLINFO_SSL_VERIFYRESULT=1 -DHAVE_CURLINFO_FILETIME=1 -DHAVE_CURLINFO_CONTENT_LENGTH_DOWNLOAD=1 -DHAVE_CURLINFO_CONTENT_LENGTH_UPLOAD=1 -DHAVE_CURLINFO_STARTTRANSFER_TIME=1 -DHAVE_CURLINFO_CONTENT_TYPE=1 -DHAVE_CURLINFO_REDIRECT_TIME=1 -DHAVE_CURLINFO_REDIRECT_COUNT=1 -DHAVE_CURLINFO_PRIVATE=1 -DHAVE_CURLINFO_HTTP_CONNECTCODE=1 -DHAVE_CURLINFO_HTTPAUTH_AVAIL=1 -DHAVE_CURLINFO_PROXYAUTH_AVAIL=1 -DHAVE_CURLINFO_OS_ERRNO=1 -DHAVE_CURLINFO_NUM_CONNECTS=1 -DHAVE_CURLINFO_SSL_ENGINES=1 -DHAVE_CURLINFO_COOKIELIST=1 -DHAVE_CURLINFO_LASTSOCKET=1 -DHAVE_CURLINFO_FTP_ENTRY_PATH=1 -DHAVE_CURLINFO_REDIRECT_URL=1 -DHAVE_CURLINFO_PRIMARY_IP=1 -DHAVE_CURLINFO_APPCONNECT_TIME=1 -DHAVE_CURLINFO_CERTINFO=1 -DHAVE_CURLINFO_CONDITION_UNMET=1 -DHAVE_CURLOPT_WRITEDATA=1 -DHAVE_CURLOPT_KEYPASSWD=1 -DHAVE_CURLOPT_DIRLISTONLY=1 -DHAVE_CURLOPT_APPEND=1 -DHAVE_CURLOPT_KRBLEVEL=1 -DHAVE_CURLOPT_USE_SSL=1 -DHAVE_CURLOPT_TIMEOUT_MS=1 -DHAVE_CURLOPT_CONNECTTIMEOUT_MS=1 -DHAVE_CURLOPT_HTTP_TRANSFER_DECODING=1 -DHAVE_CURLOPT_HTTP_CONTENT_DECODING=1 -DHAVE_CURLOPT_NEW_FILE_PERMS=1 -DHAVE_CURLOPT_NEW_DIRECTORY_PERMS=1 -DHAVE_CURLOPT_POSTREDIR=1 -DHAVE_CURLOPT_OPENSOCKETFUNCTION=1 -DHAVE_CURLOPT_OPENSOCKETDATA=1 -DHAVE_CURLOPT_COPYPOSTFIELDS=1 -DHAVE_CURLOPT_PROXY_TRANSFER_MODE=1 -DHAVE_CURLOPT_SEEKFUNCTION=1 -DHAVE_CURLOPT_SEEKDATA=1 -DHAVE_CURLOPT_CRLFILE=1 -DHAVE_CURLOPT_ISSUERCERT=1 -DHAVE_CURLOPT_ADDRESS_SCOPE=1 -DHAVE_CURLOPT_CERTINFO=1 -DHAVE_CURLOPT_USERNAME=1 -DHAVE_CURLOPT_PASSWORD=1 -DHAVE_CURLOPT_PROXYUSERNAME=1 -DHAVE_CURLOPT_PROXYPASSWORD=1 -DHAVE_CURLOPT_SSH_HOST_PUBLIC_KEY_MD5=1 -DHAVE_CURLOPT_NOPROXY=1 -DHAVE_CURLOPT_TFTP_BLKSIZE=1 -DHAVE_CURLOPT_SOCKS5_GSSAPI_SERVICE=1 -DHAVE_CURLOPT_SOCKS5_GSSAPI_NEC=1 -DHAVE_CURLOPT_PROTOCOLS=1 -DHAVE_CURLOPT_REDIR_PROTOCOLS=1 -DHAVE_CURLOPT_SSH_AUTH_TYPES=1 -DHAVE_CURLOPT_SSH_PUBLIC_KEYFILE=1 -DHAVE_CURLOPT_SSH_PRIVATE_KEYFILE=1 -DHAVE_CURLOPT_FTP_SSL_CCC=1 -DHAVE_CURLOPT_COOKIELIST=1 -DHAVE_CURLOPT_IGNORE_CONTENT_LENGTH=1 -DHAVE_CURLOPT_FTP_SKIP_PASV_IP=1 -DHAVE_CURLOPT_FTP_FILEMETHOD=1 -DHAVE_CURLOPT_LOCALPORT=1 -DHAVE_CURLOPT_LOCALPORTRANGE=1 -DHAVE_CURLOPT_CONNECT_ONLY=1 -DHAVE_CURLOPT_CONV_FROM_NETWORK_FUNCTION=1 -DHAVE_CURLOPT_CONV_TO_NETWORK_FUNCTION=1 -DHAVE_CURLOPT_CONV_FROM_UTF8_FUNCTION=1 -DHAVE_CURLOPT_MAX_SEND_SPEED_LARGE=1 -DHAVE_CURLOPT_MAX_RECV_SPEED_LARGE=1 -DHAVE_CURLOPT_FTP_ALTERNATIVE_TO_USER=1 -DHAVE_CURLOPT_SOCKOPTFUNCTION=1 -DHAVE_CURLOPT_SOCKOPTDATA=1 -DHAVE_CURLOPT_SSL_SESSIONID_CACHE=1 -I/Library/Developer/CommandLineTools/SDKs/MacOSX.sdk/usr/include  -I/opt/homebrew/opt/gettext/include -I/opt/homebrew/opt/readline/include -I/opt/homebrew/opt/xz/include -I/opt/homebrew/include    -fPIC  -g -O2  -c json.c -o json.o
clang -std=gnu23 -I"/opt/homebrew/Cellar/r/4.6.0/lib/R/include" -DNDEBUG -DCURL_DISABLE_DEPRECATION -DHAVE_LIBIDN_FIELD=1 -DHAVE_CURLOPT_URL=1 -DHAVE_CURLINFO_EFFECTIVE_URL=1 -DHAVE_CURLINFO_RESPONSE_CODE=1 -DHAVE_CURLINFO_TOTAL_TIME=1 -DHAVE_CURLINFO_NAMELOOKUP_TIME=1 -DHAVE_CURLINFO_CONNECT_TIME=1 -DHAVE_CURLINFO_PRETRANSFER_TIME=1 -DHAVE_CURLINFO_SIZE_UPLOAD=1 -DHAVE_CURLINFO_SIZE_DOWNLOAD=1 -DHAVE_CURLINFO_SPEED_DOWNLOAD=1 -DHAVE_CURLINFO_SPEED_UPLOAD=1 -DHAVE_CURLINFO_HEADER_SIZE=1 -DHAVE_CURLINFO_REQUEST_SIZE=1 -DHAVE_CURLINFO_SSL_VERIFYRESULT=1 -DHAVE_CURLINFO_FILETIME=1 -DHAVE_CURLINFO_CONTENT_LENGTH_DOWNLOAD=1 -DHAVE_CURLINFO_CONTENT_LENGTH_UPLOAD=1 -DHAVE_CURLINFO_STARTTRANSFER_TIME=1 -DHAVE_CURLINFO_CONTENT_TYPE=1 -DHAVE_CURLINFO_REDIRECT_TIME=1 -DHAVE_CURLINFO_REDIRECT_COUNT=1 -DHAVE_CURLINFO_PRIVATE=1 -DHAVE_CURLINFO_HTTP_CONNECTCODE=1 -DHAVE_CURLINFO_HTTPAUTH_AVAIL=1 -DHAVE_CURLINFO_PROXYAUTH_AVAIL=1 -DHAVE_CURLINFO_OS_ERRNO=1 -DHAVE_CURLINFO_NUM_CONNECTS=1 -DHAVE_CURLINFO_SSL_ENGINES=1 -DHAVE_CURLINFO_COOKIELIST=1 -DHAVE_CURLINFO_LASTSOCKET=1 -DHAVE_CURLINFO_FTP_ENTRY_PATH=1 -DHAVE_CURLINFO_REDIRECT_URL=1 -DHAVE_CURLINFO_PRIMARY_IP=1 -DHAVE_CURLINFO_APPCONNECT_TIME=1 -DHAVE_CURLINFO_CERTINFO=1 -DHAVE_CURLINFO_CONDITION_UNMET=1 -DHAVE_CURLOPT_WRITEDATA=1 -DHAVE_CURLOPT_KEYPASSWD=1 -DHAVE_CURLOPT_DIRLISTONLY=1 -DHAVE_CURLOPT_APPEND=1 -DHAVE_CURLOPT_KRBLEVEL=1 -DHAVE_CURLOPT_USE_SSL=1 -DHAVE_CURLOPT_TIMEOUT_MS=1 -DHAVE_CURLOPT_CONNECTTIMEOUT_MS=1 -DHAVE_CURLOPT_HTTP_TRANSFER_DECODING=1 -DHAVE_CURLOPT_HTTP_CONTENT_DECODING=1 -DHAVE_CURLOPT_NEW_FILE_PERMS=1 -DHAVE_CURLOPT_NEW_DIRECTORY_PERMS=1 -DHAVE_CURLOPT_POSTREDIR=1 -DHAVE_CURLOPT_OPENSOCKETFUNCTION=1 -DHAVE_CURLOPT_OPENSOCKETDATA=1 -DHAVE_CURLOPT_COPYPOSTFIELDS=1 -DHAVE_CURLOPT_PROXY_TRANSFER_MODE=1 -DHAVE_CURLOPT_SEEKFUNCTION=1 -DHAVE_CURLOPT_SEEKDATA=1 -DHAVE_CURLOPT_CRLFILE=1 -DHAVE_CURLOPT_ISSUERCERT=1 -DHAVE_CURLOPT_ADDRESS_SCOPE=1 -DHAVE_CURLOPT_CERTINFO=1 -DHAVE_CURLOPT_USERNAME=1 -DHAVE_CURLOPT_PASSWORD=1 -DHAVE_CURLOPT_PROXYUSERNAME=1 -DHAVE_CURLOPT_PROXYPASSWORD=1 -DHAVE_CURLOPT_SSH_HOST_PUBLIC_KEY_MD5=1 -DHAVE_CURLOPT_NOPROXY=1 -DHAVE_CURLOPT_TFTP_BLKSIZE=1 -DHAVE_CURLOPT_SOCKS5_GSSAPI_SERVICE=1 -DHAVE_CURLOPT_SOCKS5_GSSAPI_NEC=1 -DHAVE_CURLOPT_PROTOCOLS=1 -DHAVE_CURLOPT_REDIR_PROTOCOLS=1 -DHAVE_CURLOPT_SSH_AUTH_TYPES=1 -DHAVE_CURLOPT_SSH_PUBLIC_KEYFILE=1 -DHAVE_CURLOPT_SSH_PRIVATE_KEYFILE=1 -DHAVE_CURLOPT_FTP_SSL_CCC=1 -DHAVE_CURLOPT_COOKIELIST=1 -DHAVE_CURLOPT_IGNORE_CONTENT_LENGTH=1 -DHAVE_CURLOPT_FTP_SKIP_PASV_IP=1 -DHAVE_CURLOPT_FTP_FILEMETHOD=1 -DHAVE_CURLOPT_LOCALPORT=1 -DHAVE_CURLOPT_LOCALPORTRANGE=1 -DHAVE_CURLOPT_CONNECT_ONLY=1 -DHAVE_CURLOPT_CONV_FROM_NETWORK_FUNCTION=1 -DHAVE_CURLOPT_CONV_TO_NETWORK_FUNCTION=1 -DHAVE_CURLOPT_CONV_FROM_UTF8_FUNCTION=1 -DHAVE_CURLOPT_MAX_SEND_SPEED_LARGE=1 -DHAVE_CURLOPT_MAX_RECV_SPEED_LARGE=1 -DHAVE_CURLOPT_FTP_ALTERNATIVE_TO_USER=1 -DHAVE_CURLOPT_SOCKOPTFUNCTION=1 -DHAVE_CURLOPT_SOCKOPTDATA=1 -DHAVE_CURLOPT_SSL_SESSIONID_CACHE=1 -I/Library/Developer/CommandLineTools/SDKs/MacOSX.sdk/usr/include  -I/opt/homebrew/opt/gettext/include -I/opt/homebrew/opt/readline/include -I/opt/homebrew/opt/xz/include -I/opt/homebrew/include    -fPIC  -g -O2  -c memoryManagement.c -o memoryManagement.o
clang -std=gnu23 -I"/opt/homebrew/Cellar/r/4.6.0/lib/R/include" -DNDEBUG -DCURL_DISABLE_DEPRECATION -DHAVE_LIBIDN_FIELD=1 -DHAVE_CURLOPT_URL=1 -DHAVE_CURLINFO_EFFECTIVE_URL=1 -DHAVE_CURLINFO_RESPONSE_CODE=1 -DHAVE_CURLINFO_TOTAL_TIME=1 -DHAVE_CURLINFO_NAMELOOKUP_TIME=1 -DHAVE_CURLINFO_CONNECT_TIME=1 -DHAVE_CURLINFO_PRETRANSFER_TIME=1 -DHAVE_CURLINFO_SIZE_UPLOAD=1 -DHAVE_CURLINFO_SIZE_DOWNLOAD=1 -DHAVE_CURLINFO_SPEED_DOWNLOAD=1 -DHAVE_CURLINFO_SPEED_UPLOAD=1 -DHAVE_CURLINFO_HEADER_SIZE=1 -DHAVE_CURLINFO_REQUEST_SIZE=1 -DHAVE_CURLINFO_SSL_VERIFYRESULT=1 -DHAVE_CURLINFO_FILETIME=1 -DHAVE_CURLINFO_CONTENT_LENGTH_DOWNLOAD=1 -DHAVE_CURLINFO_CONTENT_LENGTH_UPLOAD=1 -DHAVE_CURLINFO_STARTTRANSFER_TIME=1 -DHAVE_CURLINFO_CONTENT_TYPE=1 -DHAVE_CURLINFO_REDIRECT_TIME=1 -DHAVE_CURLINFO_REDIRECT_COUNT=1 -DHAVE_CURLINFO_PRIVATE=1 -DHAVE_CURLINFO_HTTP_CONNECTCODE=1 -DHAVE_CURLINFO_HTTPAUTH_AVAIL=1 -DHAVE_CURLINFO_PROXYAUTH_AVAIL=1 -DHAVE_CURLINFO_OS_ERRNO=1 -DHAVE_CURLINFO_NUM_CONNECTS=1 -DHAVE_CURLINFO_SSL_ENGINES=1 -DHAVE_CURLINFO_COOKIELIST=1 -DHAVE_CURLINFO_LASTSOCKET=1 -DHAVE_CURLINFO_FTP_ENTRY_PATH=1 -DHAVE_CURLINFO_REDIRECT_URL=1 -DHAVE_CURLINFO_PRIMARY_IP=1 -DHAVE_CURLINFO_APPCONNECT_TIME=1 -DHAVE_CURLINFO_CERTINFO=1 -DHAVE_CURLINFO_CONDITION_UNMET=1 -DHAVE_CURLOPT_WRITEDATA=1 -DHAVE_CURLOPT_KEYPASSWD=1 -DHAVE_CURLOPT_DIRLISTONLY=1 -DHAVE_CURLOPT_APPEND=1 -DHAVE_CURLOPT_KRBLEVEL=1 -DHAVE_CURLOPT_USE_SSL=1 -DHAVE_CURLOPT_TIMEOUT_MS=1 -DHAVE_CURLOPT_CONNECTTIMEOUT_MS=1 -DHAVE_CURLOPT_HTTP_TRANSFER_DECODING=1 -DHAVE_CURLOPT_HTTP_CONTENT_DECODING=1 -DHAVE_CURLOPT_NEW_FILE_PERMS=1 -DHAVE_CURLOPT_NEW_DIRECTORY_PERMS=1 -DHAVE_CURLOPT_POSTREDIR=1 -DHAVE_CURLOPT_OPENSOCKETFUNCTION=1 -DHAVE_CURLOPT_OPENSOCKETDATA=1 -DHAVE_CURLOPT_COPYPOSTFIELDS=1 -DHAVE_CURLOPT_PROXY_TRANSFER_MODE=1 -DHAVE_CURLOPT_SEEKFUNCTION=1 -DHAVE_CURLOPT_SEEKDATA=1 -DHAVE_CURLOPT_CRLFILE=1 -DHAVE_CURLOPT_ISSUERCERT=1 -DHAVE_CURLOPT_ADDRESS_SCOPE=1 -DHAVE_CURLOPT_CERTINFO=1 -DHAVE_CURLOPT_USERNAME=1 -DHAVE_CURLOPT_PASSWORD=1 -DHAVE_CURLOPT_PROXYUSERNAME=1 -DHAVE_CURLOPT_PROXYPASSWORD=1 -DHAVE_CURLOPT_SSH_HOST_PUBLIC_KEY_MD5=1 -DHAVE_CURLOPT_NOPROXY=1 -DHAVE_CURLOPT_TFTP_BLKSIZE=1 -DHAVE_CURLOPT_SOCKS5_GSSAPI_SERVICE=1 -DHAVE_CURLOPT_SOCKS5_GSSAPI_NEC=1 -DHAVE_CURLOPT_PROTOCOLS=1 -DHAVE_CURLOPT_REDIR_PROTOCOLS=1 -DHAVE_CURLOPT_SSH_AUTH_TYPES=1 -DHAVE_CURLOPT_SSH_PUBLIC_KEYFILE=1 -DHAVE_CURLOPT_SSH_PRIVATE_KEYFILE=1 -DHAVE_CURLOPT_FTP_SSL_CCC=1 -DHAVE_CURLOPT_COOKIELIST=1 -DHAVE_CURLOPT_IGNORE_CONTENT_LENGTH=1 -DHAVE_CURLOPT_FTP_SKIP_PASV_IP=1 -DHAVE_CURLOPT_FTP_FILEMETHOD=1 -DHAVE_CURLOPT_LOCALPORT=1 -DHAVE_CURLOPT_LOCALPORTRANGE=1 -DHAVE_CURLOPT_CONNECT_ONLY=1 -DHAVE_CURLOPT_CONV_FROM_NETWORK_FUNCTION=1 -DHAVE_CURLOPT_CONV_TO_NETWORK_FUNCTION=1 -DHAVE_CURLOPT_CONV_FROM_UTF8_FUNCTION=1 -DHAVE_CURLOPT_MAX_SEND_SPEED_LARGE=1 -DHAVE_CURLOPT_MAX_RECV_SPEED_LARGE=1 -DHAVE_CURLOPT_FTP_ALTERNATIVE_TO_USER=1 -DHAVE_CURLOPT_SOCKOPTFUNCTION=1 -DHAVE_CURLOPT_SOCKOPTDATA=1 -DHAVE_CURLOPT_SSL_SESSIONID_CACHE=1 -I/Library/Developer/CommandLineTools/SDKs/MacOSX.sdk/usr/include  -I/opt/homebrew/opt/gettext/include -I/opt/homebrew/opt/readline/include -I/opt/homebrew/opt/xz/include -I/opt/homebrew/include    -fPIC  -g -O2  -c myUTF8.c -o myUTF8.o
clang -std=gnu23 -dynamiclib -Wl,-headerpad_max_install_names -undefined dynamic_lookup -L/opt/homebrew/Cellar/r/4.6.0/lib/R/lib -L/opt/homebrew/opt/gettext/lib -L/opt/homebrew/opt/readline/lib -L/opt/homebrew/opt/xz/lib -L/opt/homebrew/lib -o RCurl.so base64.o curl.o curlInit.o curl_base64.o enums.o json.o memoryManagement.o myUTF8.o -lcurl -L/Library/Developer/CommandLineTools/SDKs/MacOSX.sdk/usr/lib -lxml2 -lz -lpthread -licucore -lm -L/opt/homebrew/Cellar/r/4.6.0/lib/R/lib -lR
installing to /opt/homebrew/lib/R/4.6/site-library/00LOCK-RCurl/00new/RCurl/libs
** R
** data
** inst
** byte-compile and prepare package for lazy loading
** help
*** installing help indices
** building package indices
** testing if installed package can be loaded from temporary location
** checking absolute paths in shared objects and dynamic libraries
** testing if installed package can be loaded from final location
** testing if installed package keeps a record of temporary installation path
* DONE (RCurl)
begin installing package ‘restfulr’
* installing *source* package ‘restfulr’ ...
** this is package ‘restfulr’ version ‘0.0.17’
** package ‘restfulr’ successfully unpacked and MD5 sums checked
** using staged installation
** libs
using C compiler: ‘Apple clang version 17.0.0 (clang-1700.0.13.5)’
using SDK: ‘MacOSX15.5.sdk’
clang -std=gnu23 -I"/opt/homebrew/Cellar/r/4.6.0/lib/R/include" -DNDEBUG   -I/opt/homebrew/opt/gettext/include -I/opt/homebrew/opt/readline/include -I/opt/homebrew/opt/xz/include -I/opt/homebrew/include    -fPIC  -g -O2  -c init.c -o init.o
clang -std=gnu23 -I"/opt/homebrew/Cellar/r/4.6.0/lib/R/include" -DNDEBUG   -I/opt/homebrew/opt/gettext/include -I/opt/homebrew/opt/readline/include -I/opt/homebrew/opt/xz/include -I/opt/homebrew/include    -fPIC  -g -O2  -c raggedListToDF.c -o raggedListToDF.o
clang -std=gnu23 -dynamiclib -Wl,-headerpad_max_install_names -undefined dynamic_lookup -L/opt/homebrew/Cellar/r/4.6.0/lib/R/lib -L/opt/homebrew/opt/gettext/lib -L/opt/homebrew/opt/readline/lib -L/opt/homebrew/opt/xz/lib -L/opt/homebrew/lib -o restfulr.so init.o raggedListToDF.o -L/opt/homebrew/Cellar/r/4.6.0/lib/R/lib -lR
installing to /opt/homebrew/lib/R/4.6/site-library/00LOCK-restfulr/00new/restfulr/libs
** R
** inst
** byte-compile and prepare package for lazy loading
Creating a new generic function for ‘assign’ in package ‘restfulr’
** help
*** installing help indices
** building package indices
** testing if installed package can be loaded from temporary location
** checking absolute paths in shared objects and dynamic libraries
** testing if installed package can be loaded from final location
** testing if installed package keeps a record of temporary installation path
* DONE (restfulr)
* installing *source* package ‘Rsamtools’ ...
** this is package ‘Rsamtools’ version ‘2.28.0’
** using staged installation
** libs
using C compiler: ‘Apple clang version 17.0.0 (clang-1700.0.13.5)’
using C++ compiler: ‘Apple clang version 17.0.0 (clang-1700.0.13.5)’
using SDK: ‘MacOSX15.5.sdk’
clang -std=gnu23 -I"/opt/homebrew/Cellar/r/4.6.0/lib/R/include" -DNDEBUG -D_FILE_OFFSET_BITS=64 -I'/opt/homebrew/lib/R/4.6/site-library/Rhtslib/include' -I'/opt/homebrew/lib/R/4.6/site-library/S4Vectors/include' -I'/opt/homebrew/lib/R/4.6/site-library/IRanges/include' -I'/opt/homebrew/lib/R/4.6/site-library/XVector/include' -I'/opt/homebrew/lib/R/4.6/site-library/Biostrings/include' -I/opt/homebrew/opt/gettext/include -I/opt/homebrew/opt/readline/include -I/opt/homebrew/opt/xz/include -I/opt/homebrew/include    -fPIC  -g -O2  -c Biostrings_stubs.c -o Biostrings_stubs.o
clang -std=gnu23 -I"/opt/homebrew/Cellar/r/4.6.0/lib/R/include" -DNDEBUG -D_FILE_OFFSET_BITS=64 -I'/opt/homebrew/lib/R/4.6/site-library/Rhtslib/include' -I'/opt/homebrew/lib/R/4.6/site-library/S4Vectors/include' -I'/opt/homebrew/lib/R/4.6/site-library/IRanges/include' -I'/opt/homebrew/lib/R/4.6/site-library/XVector/include' -I'/opt/homebrew/lib/R/4.6/site-library/Biostrings/include' -I/opt/homebrew/opt/gettext/include -I/opt/homebrew/opt/readline/include -I/opt/homebrew/opt/xz/include -I/opt/homebrew/include    -fPIC  -g -O2  -c COMPAT_bcf_hdr_read.c -o COMPAT_bcf_hdr_read.o
clang -std=gnu23 -I"/opt/homebrew/Cellar/r/4.6.0/lib/R/include" -DNDEBUG -D_FILE_OFFSET_BITS=64 -I'/opt/homebrew/lib/R/4.6/site-library/Rhtslib/include' -I'/opt/homebrew/lib/R/4.6/site-library/S4Vectors/include' -I'/opt/homebrew/lib/R/4.6/site-library/IRanges/include' -I'/opt/homebrew/lib/R/4.6/site-library/XVector/include' -I'/opt/homebrew/lib/R/4.6/site-library/Biostrings/include' -I/opt/homebrew/opt/gettext/include -I/opt/homebrew/opt/readline/include -I/opt/homebrew/opt/xz/include -I/opt/homebrew/include    -fPIC  -g -O2  -c IRanges_stubs.c -o IRanges_stubs.o
clang++ -std=gnu++20 -I"/opt/homebrew/Cellar/r/4.6.0/lib/R/include" -DNDEBUG -D_FILE_OFFSET_BITS=64 -I'/opt/homebrew/lib/R/4.6/site-library/Rhtslib/include' -I'/opt/homebrew/lib/R/4.6/site-library/S4Vectors/include' -I'/opt/homebrew/lib/R/4.6/site-library/IRanges/include' -I'/opt/homebrew/lib/R/4.6/site-library/XVector/include' -I'/opt/homebrew/lib/R/4.6/site-library/Biostrings/include' -I/opt/homebrew/opt/gettext/include -I/opt/homebrew/opt/readline/include -I/opt/homebrew/opt/xz/include -I/opt/homebrew/include    -fPIC  -g -O2   -c PileupBuffer.cpp -o PileupBuffer.o
clang++ -std=gnu++20 -I"/opt/homebrew/Cellar/r/4.6.0/lib/R/include" -DNDEBUG -D_FILE_OFFSET_BITS=64 -I'/opt/homebrew/lib/R/4.6/site-library/Rhtslib/include' -I'/opt/homebrew/lib/R/4.6/site-library/S4Vectors/include' -I'/opt/homebrew/lib/R/4.6/site-library/IRanges/include' -I'/opt/homebrew/lib/R/4.6/site-library/XVector/include' -I'/opt/homebrew/lib/R/4.6/site-library/Biostrings/include' -I/opt/homebrew/opt/gettext/include -I/opt/homebrew/opt/readline/include -I/opt/homebrew/opt/xz/include -I/opt/homebrew/include    -fPIC  -g -O2   -c PosCacheColl.cpp -o PosCacheColl.o
clang -std=gnu23 -I"/opt/homebrew/Cellar/r/4.6.0/lib/R/include" -DNDEBUG -D_FILE_OFFSET_BITS=64 -I'/opt/homebrew/lib/R/4.6/site-library/Rhtslib/include' -I'/opt/homebrew/lib/R/4.6/site-library/S4Vectors/include' -I'/opt/homebrew/lib/R/4.6/site-library/IRanges/include' -I'/opt/homebrew/lib/R/4.6/site-library/XVector/include' -I'/opt/homebrew/lib/R/4.6/site-library/Biostrings/include' -I/opt/homebrew/opt/gettext/include -I/opt/homebrew/opt/readline/include -I/opt/homebrew/opt/xz/include -I/opt/homebrew/include    -fPIC  -g -O2  -c R_init_Rsamtools.c -o R_init_Rsamtools.o
clang++ -std=gnu++20 -I"/opt/homebrew/Cellar/r/4.6.0/lib/R/include" -DNDEBUG -D_FILE_OFFSET_BITS=64 -I'/opt/homebrew/lib/R/4.6/site-library/Rhtslib/include' -I'/opt/homebrew/lib/R/4.6/site-library/S4Vectors/include' -I'/opt/homebrew/lib/R/4.6/site-library/IRanges/include' -I'/opt/homebrew/lib/R/4.6/site-library/XVector/include' -I'/opt/homebrew/lib/R/4.6/site-library/Biostrings/include' -I/opt/homebrew/opt/gettext/include -I/opt/homebrew/opt/readline/include -I/opt/homebrew/opt/xz/include -I/opt/homebrew/include    -fPIC  -g -O2   -c ResultManager.cpp -o ResultManager.o
clang -std=gnu23 -I"/opt/homebrew/Cellar/r/4.6.0/lib/R/include" -DNDEBUG -D_FILE_OFFSET_BITS=64 -I'/opt/homebrew/lib/R/4.6/site-library/Rhtslib/include' -I'/opt/homebrew/lib/R/4.6/site-library/S4Vectors/include' -I'/opt/homebrew/lib/R/4.6/site-library/IRanges/include' -I'/opt/homebrew/lib/R/4.6/site-library/XVector/include' -I'/opt/homebrew/lib/R/4.6/site-library/Biostrings/include' -I/opt/homebrew/opt/gettext/include -I/opt/homebrew/opt/readline/include -I/opt/homebrew/opt/xz/include -I/opt/homebrew/include    -fPIC  -g -O2  -c S4Vectors_stubs.c -o S4Vectors_stubs.o
clang -std=gnu23 -I"/opt/homebrew/Cellar/r/4.6.0/lib/R/include" -DNDEBUG -D_FILE_OFFSET_BITS=64 -I'/opt/homebrew/lib/R/4.6/site-library/Rhtslib/include' -I'/opt/homebrew/lib/R/4.6/site-library/S4Vectors/include' -I'/opt/homebrew/lib/R/4.6/site-library/IRanges/include' -I'/opt/homebrew/lib/R/4.6/site-library/XVector/include' -I'/opt/homebrew/lib/R/4.6/site-library/Biostrings/include' -I/opt/homebrew/opt/gettext/include -I/opt/homebrew/opt/readline/include -I/opt/homebrew/opt/xz/include -I/opt/homebrew/include    -fPIC  -g -O2  -c XVector_stubs.c -o XVector_stubs.o
clang -std=gnu23 -I"/opt/homebrew/Cellar/r/4.6.0/lib/R/include" -DNDEBUG -D_FILE_OFFSET_BITS=64 -I'/opt/homebrew/lib/R/4.6/site-library/Rhtslib/include' -I'/opt/homebrew/lib/R/4.6/site-library/S4Vectors/include' -I'/opt/homebrew/lib/R/4.6/site-library/IRanges/include' -I'/opt/homebrew/lib/R/4.6/site-library/XVector/include' -I'/opt/homebrew/lib/R/4.6/site-library/Biostrings/include' -I/opt/homebrew/opt/gettext/include -I/opt/homebrew/opt/readline/include -I/opt/homebrew/opt/xz/include -I/opt/homebrew/include    -fPIC  -g -O2  -c as_bam.c -o as_bam.o
clang -std=gnu23 -I"/opt/homebrew/Cellar/r/4.6.0/lib/R/include" -DNDEBUG -D_FILE_OFFSET_BITS=64 -I'/opt/homebrew/lib/R/4.6/site-library/Rhtslib/include' -I'/opt/homebrew/lib/R/4.6/site-library/S4Vectors/include' -I'/opt/homebrew/lib/R/4.6/site-library/IRanges/include' -I'/opt/homebrew/lib/R/4.6/site-library/XVector/include' -I'/opt/homebrew/lib/R/4.6/site-library/Biostrings/include' -I/opt/homebrew/opt/gettext/include -I/opt/homebrew/opt/readline/include -I/opt/homebrew/opt/xz/include -I/opt/homebrew/include    -fPIC  -g -O2  -c bam.c -o bam.o
clang -std=gnu23 -I"/opt/homebrew/Cellar/r/4.6.0/lib/R/include" -DNDEBUG -D_FILE_OFFSET_BITS=64 -I'/opt/homebrew/lib/R/4.6/site-library/Rhtslib/include' -I'/opt/homebrew/lib/R/4.6/site-library/S4Vectors/include' -I'/opt/homebrew/lib/R/4.6/site-library/IRanges/include' -I'/opt/homebrew/lib/R/4.6/site-library/XVector/include' -I'/opt/homebrew/lib/R/4.6/site-library/Biostrings/include' -I/opt/homebrew/opt/gettext/include -I/opt/homebrew/opt/readline/include -I/opt/homebrew/opt/xz/include -I/opt/homebrew/include    -fPIC  -g -O2  -c bam_data.c -o bam_data.o
clang++ -std=gnu++20 -I"/opt/homebrew/Cellar/r/4.6.0/lib/R/include" -DNDEBUG -D_FILE_OFFSET_BITS=64 -I'/opt/homebrew/lib/R/4.6/site-library/Rhtslib/include' -I'/opt/homebrew/lib/R/4.6/site-library/S4Vectors/include' -I'/opt/homebrew/lib/R/4.6/site-library/IRanges/include' -I'/opt/homebrew/lib/R/4.6/site-library/XVector/include' -I'/opt/homebrew/lib/R/4.6/site-library/Biostrings/include' -I/opt/homebrew/opt/gettext/include -I/opt/homebrew/opt/readline/include -I/opt/homebrew/opt/xz/include -I/opt/homebrew/include    -fPIC  -g -O2   -c bam_mate_iter.cpp -o bam_mate_iter.o
clang -std=gnu23 -I"/opt/homebrew/Cellar/r/4.6.0/lib/R/include" -DNDEBUG -D_FILE_OFFSET_BITS=64 -I'/opt/homebrew/lib/R/4.6/site-library/Rhtslib/include' -I'/opt/homebrew/lib/R/4.6/site-library/S4Vectors/include' -I'/opt/homebrew/lib/R/4.6/site-library/IRanges/include' -I'/opt/homebrew/lib/R/4.6/site-library/XVector/include' -I'/opt/homebrew/lib/R/4.6/site-library/Biostrings/include' -I/opt/homebrew/opt/gettext/include -I/opt/homebrew/opt/readline/include -I/opt/homebrew/opt/xz/include -I/opt/homebrew/include    -fPIC  -g -O2  -c bam_plbuf.c -o bam_plbuf.o
clang -std=gnu23 -I"/opt/homebrew/Cellar/r/4.6.0/lib/R/include" -DNDEBUG -D_FILE_OFFSET_BITS=64 -I'/opt/homebrew/lib/R/4.6/site-library/Rhtslib/include' -I'/opt/homebrew/lib/R/4.6/site-library/S4Vectors/include' -I'/opt/homebrew/lib/R/4.6/site-library/IRanges/include' -I'/opt/homebrew/lib/R/4.6/site-library/XVector/include' -I'/opt/homebrew/lib/R/4.6/site-library/Biostrings/include' -I/opt/homebrew/opt/gettext/include -I/opt/homebrew/opt/readline/include -I/opt/homebrew/opt/xz/include -I/opt/homebrew/include    -fPIC  -g -O2  -c bam_sort.c -o bam_sort.o
clang -std=gnu23 -I"/opt/homebrew/Cellar/r/4.6.0/lib/R/include" -DNDEBUG -D_FILE_OFFSET_BITS=64 -I'/opt/homebrew/lib/R/4.6/site-library/Rhtslib/include' -I'/opt/homebrew/lib/R/4.6/site-library/S4Vectors/include' -I'/opt/homebrew/lib/R/4.6/site-library/IRanges/include' -I'/opt/homebrew/lib/R/4.6/site-library/XVector/include' -I'/opt/homebrew/lib/R/4.6/site-library/Biostrings/include' -I/opt/homebrew/opt/gettext/include -I/opt/homebrew/opt/readline/include -I/opt/homebrew/opt/xz/include -I/opt/homebrew/include    -fPIC  -g -O2  -c bambuffer.c -o bambuffer.o
clang -std=gnu23 -I"/opt/homebrew/Cellar/r/4.6.0/lib/R/include" -DNDEBUG -D_FILE_OFFSET_BITS=64 -I'/opt/homebrew/lib/R/4.6/site-library/Rhtslib/include' -I'/opt/homebrew/lib/R/4.6/site-library/S4Vectors/include' -I'/opt/homebrew/lib/R/4.6/site-library/IRanges/include' -I'/opt/homebrew/lib/R/4.6/site-library/XVector/include' -I'/opt/homebrew/lib/R/4.6/site-library/Biostrings/include' -I/opt/homebrew/opt/gettext/include -I/opt/homebrew/opt/readline/include -I/opt/homebrew/opt/xz/include -I/opt/homebrew/include    -fPIC  -g -O2  -c bamfile.c -o bamfile.o
clang -std=gnu23 -I"/opt/homebrew/Cellar/r/4.6.0/lib/R/include" -DNDEBUG -D_FILE_OFFSET_BITS=64 -I'/opt/homebrew/lib/R/4.6/site-library/Rhtslib/include' -I'/opt/homebrew/lib/R/4.6/site-library/S4Vectors/include' -I'/opt/homebrew/lib/R/4.6/site-library/IRanges/include' -I'/opt/homebrew/lib/R/4.6/site-library/XVector/include' -I'/opt/homebrew/lib/R/4.6/site-library/Biostrings/include' -I/opt/homebrew/opt/gettext/include -I/opt/homebrew/opt/readline/include -I/opt/homebrew/opt/xz/include -I/opt/homebrew/include    -fPIC  -g -O2  -c bcffile.c -o bcffile.o
clang -std=gnu23 -I"/opt/homebrew/Cellar/r/4.6.0/lib/R/include" -DNDEBUG -D_FILE_OFFSET_BITS=64 -I'/opt/homebrew/lib/R/4.6/site-library/Rhtslib/include' -I'/opt/homebrew/lib/R/4.6/site-library/S4Vectors/include' -I'/opt/homebrew/lib/R/4.6/site-library/IRanges/include' -I'/opt/homebrew/lib/R/4.6/site-library/XVector/include' -I'/opt/homebrew/lib/R/4.6/site-library/Biostrings/include' -I/opt/homebrew/opt/gettext/include -I/opt/homebrew/opt/readline/include -I/opt/homebrew/opt/xz/include -I/opt/homebrew/include    -fPIC  -g -O2  -c bedidx.c -o bedidx.o
clang -std=gnu23 -I"/opt/homebrew/Cellar/r/4.6.0/lib/R/include" -DNDEBUG -D_FILE_OFFSET_BITS=64 -I'/opt/homebrew/lib/R/4.6/site-library/Rhtslib/include' -I'/opt/homebrew/lib/R/4.6/site-library/S4Vectors/include' -I'/opt/homebrew/lib/R/4.6/site-library/IRanges/include' -I'/opt/homebrew/lib/R/4.6/site-library/XVector/include' -I'/opt/homebrew/lib/R/4.6/site-library/Biostrings/include' -I/opt/homebrew/opt/gettext/include -I/opt/homebrew/opt/readline/include -I/opt/homebrew/opt/xz/include -I/opt/homebrew/include    -fPIC  -g -O2  -c encode.c -o encode.o
clang -std=gnu23 -I"/opt/homebrew/Cellar/r/4.6.0/lib/R/include" -DNDEBUG -D_FILE_OFFSET_BITS=64 -I'/opt/homebrew/lib/R/4.6/site-library/Rhtslib/include' -I'/opt/homebrew/lib/R/4.6/site-library/S4Vectors/include' -I'/opt/homebrew/lib/R/4.6/site-library/IRanges/include' -I'/opt/homebrew/lib/R/4.6/site-library/XVector/include' -I'/opt/homebrew/lib/R/4.6/site-library/Biostrings/include' -I/opt/homebrew/opt/gettext/include -I/opt/homebrew/opt/readline/include -I/opt/homebrew/opt/xz/include -I/opt/homebrew/include    -fPIC  -g -O2  -c fafile.c -o fafile.o
clang -std=gnu23 -I"/opt/homebrew/Cellar/r/4.6.0/lib/R/include" -DNDEBUG -D_FILE_OFFSET_BITS=64 -I'/opt/homebrew/lib/R/4.6/site-library/Rhtslib/include' -I'/opt/homebrew/lib/R/4.6/site-library/S4Vectors/include' -I'/opt/homebrew/lib/R/4.6/site-library/IRanges/include' -I'/opt/homebrew/lib/R/4.6/site-library/XVector/include' -I'/opt/homebrew/lib/R/4.6/site-library/Biostrings/include' -I/opt/homebrew/opt/gettext/include -I/opt/homebrew/opt/readline/include -I/opt/homebrew/opt/xz/include -I/opt/homebrew/include    -fPIC  -g -O2  -c idxstats.c -o idxstats.o
clang -std=gnu23 -I"/opt/homebrew/Cellar/r/4.6.0/lib/R/include" -DNDEBUG -D_FILE_OFFSET_BITS=64 -I'/opt/homebrew/lib/R/4.6/site-library/Rhtslib/include' -I'/opt/homebrew/lib/R/4.6/site-library/S4Vectors/include' -I'/opt/homebrew/lib/R/4.6/site-library/IRanges/include' -I'/opt/homebrew/lib/R/4.6/site-library/XVector/include' -I'/opt/homebrew/lib/R/4.6/site-library/Biostrings/include' -I/opt/homebrew/opt/gettext/include -I/opt/homebrew/opt/readline/include -I/opt/homebrew/opt/xz/include -I/opt/homebrew/include    -fPIC  -g -O2  -c io_sam.c -o io_sam.o
clang++ -std=gnu++20 -I"/opt/homebrew/Cellar/r/4.6.0/lib/R/include" -DNDEBUG -D_FILE_OFFSET_BITS=64 -I'/opt/homebrew/lib/R/4.6/site-library/Rhtslib/include' -I'/opt/homebrew/lib/R/4.6/site-library/S4Vectors/include' -I'/opt/homebrew/lib/R/4.6/site-library/IRanges/include' -I'/opt/homebrew/lib/R/4.6/site-library/XVector/include' -I'/opt/homebrew/lib/R/4.6/site-library/Biostrings/include' -I/opt/homebrew/opt/gettext/include -I/opt/homebrew/opt/readline/include -I/opt/homebrew/opt/xz/include -I/opt/homebrew/include    -fPIC  -g -O2   -c pbuffer_wrapper.cpp -o pbuffer_wrapper.o
clang++ -std=gnu++20 -I"/opt/homebrew/Cellar/r/4.6.0/lib/R/include" -DNDEBUG -D_FILE_OFFSET_BITS=64 -I'/opt/homebrew/lib/R/4.6/site-library/Rhtslib/include' -I'/opt/homebrew/lib/R/4.6/site-library/S4Vectors/include' -I'/opt/homebrew/lib/R/4.6/site-library/IRanges/include' -I'/opt/homebrew/lib/R/4.6/site-library/XVector/include' -I'/opt/homebrew/lib/R/4.6/site-library/Biostrings/include' -I/opt/homebrew/opt/gettext/include -I/opt/homebrew/opt/readline/include -I/opt/homebrew/opt/xz/include -I/opt/homebrew/include    -fPIC  -g -O2   -c pileup.cpp -o pileup.o
clang -std=gnu23 -I"/opt/homebrew/Cellar/r/4.6.0/lib/R/include" -DNDEBUG -D_FILE_OFFSET_BITS=64 -I'/opt/homebrew/lib/R/4.6/site-library/Rhtslib/include' -I'/opt/homebrew/lib/R/4.6/site-library/S4Vectors/include' -I'/opt/homebrew/lib/R/4.6/site-library/IRanges/include' -I'/opt/homebrew/lib/R/4.6/site-library/XVector/include' -I'/opt/homebrew/lib/R/4.6/site-library/Biostrings/include' -I/opt/homebrew/opt/gettext/include -I/opt/homebrew/opt/readline/include -I/opt/homebrew/opt/xz/include -I/opt/homebrew/include    -fPIC  -g -O2  -c pileupbam.c -o pileupbam.o
clang -std=gnu23 -I"/opt/homebrew/Cellar/r/4.6.0/lib/R/include" -DNDEBUG -D_FILE_OFFSET_BITS=64 -I'/opt/homebrew/lib/R/4.6/site-library/Rhtslib/include' -I'/opt/homebrew/lib/R/4.6/site-library/S4Vectors/include' -I'/opt/homebrew/lib/R/4.6/site-library/IRanges/include' -I'/opt/homebrew/lib/R/4.6/site-library/XVector/include' -I'/opt/homebrew/lib/R/4.6/site-library/Biostrings/include' -I/opt/homebrew/opt/gettext/include -I/opt/homebrew/opt/readline/include -I/opt/homebrew/opt/xz/include -I/opt/homebrew/include    -fPIC  -g -O2  -c sam_opts.c -o sam_opts.o
clang -std=gnu23 -I"/opt/homebrew/Cellar/r/4.6.0/lib/R/include" -DNDEBUG -D_FILE_OFFSET_BITS=64 -I'/opt/homebrew/lib/R/4.6/site-library/Rhtslib/include' -I'/opt/homebrew/lib/R/4.6/site-library/S4Vectors/include' -I'/opt/homebrew/lib/R/4.6/site-library/IRanges/include' -I'/opt/homebrew/lib/R/4.6/site-library/XVector/include' -I'/opt/homebrew/lib/R/4.6/site-library/Biostrings/include' -I/opt/homebrew/opt/gettext/include -I/opt/homebrew/opt/readline/include -I/opt/homebrew/opt/xz/include -I/opt/homebrew/include    -fPIC  -g -O2  -c sam_utils.c -o sam_utils.o
clang -std=gnu23 -I"/opt/homebrew/Cellar/r/4.6.0/lib/R/include" -DNDEBUG -D_FILE_OFFSET_BITS=64 -I'/opt/homebrew/lib/R/4.6/site-library/Rhtslib/include' -I'/opt/homebrew/lib/R/4.6/site-library/S4Vectors/include' -I'/opt/homebrew/lib/R/4.6/site-library/IRanges/include' -I'/opt/homebrew/lib/R/4.6/site-library/XVector/include' -I'/opt/homebrew/lib/R/4.6/site-library/Biostrings/include' -I/opt/homebrew/opt/gettext/include -I/opt/homebrew/opt/readline/include -I/opt/homebrew/opt/xz/include -I/opt/homebrew/include    -fPIC  -g -O2  -c samtools_patch.c -o samtools_patch.o
clang -std=gnu23 -I"/opt/homebrew/Cellar/r/4.6.0/lib/R/include" -DNDEBUG -D_FILE_OFFSET_BITS=64 -I'/opt/homebrew/lib/R/4.6/site-library/Rhtslib/include' -I'/opt/homebrew/lib/R/4.6/site-library/S4Vectors/include' -I'/opt/homebrew/lib/R/4.6/site-library/IRanges/include' -I'/opt/homebrew/lib/R/4.6/site-library/XVector/include' -I'/opt/homebrew/lib/R/4.6/site-library/Biostrings/include' -I/opt/homebrew/opt/gettext/include -I/opt/homebrew/opt/readline/include -I/opt/homebrew/opt/xz/include -I/opt/homebrew/include    -fPIC  -g -O2  -c scan_bam_data.c -o scan_bam_data.o
clang -std=gnu23 -I"/opt/homebrew/Cellar/r/4.6.0/lib/R/include" -DNDEBUG -D_FILE_OFFSET_BITS=64 -I'/opt/homebrew/lib/R/4.6/site-library/Rhtslib/include' -I'/opt/homebrew/lib/R/4.6/site-library/S4Vectors/include' -I'/opt/homebrew/lib/R/4.6/site-library/IRanges/include' -I'/opt/homebrew/lib/R/4.6/site-library/XVector/include' -I'/opt/homebrew/lib/R/4.6/site-library/Biostrings/include' -I/opt/homebrew/opt/gettext/include -I/opt/homebrew/opt/readline/include -I/opt/homebrew/opt/xz/include -I/opt/homebrew/include    -fPIC  -g -O2  -c tabixfile.c -o tabixfile.o
clang -std=gnu23 -I"/opt/homebrew/Cellar/r/4.6.0/lib/R/include" -DNDEBUG -D_FILE_OFFSET_BITS=64 -I'/opt/homebrew/lib/R/4.6/site-library/Rhtslib/include' -I'/opt/homebrew/lib/R/4.6/site-library/S4Vectors/include' -I'/opt/homebrew/lib/R/4.6/site-library/IRanges/include' -I'/opt/homebrew/lib/R/4.6/site-library/XVector/include' -I'/opt/homebrew/lib/R/4.6/site-library/Biostrings/include' -I/opt/homebrew/opt/gettext/include -I/opt/homebrew/opt/readline/include -I/opt/homebrew/opt/xz/include -I/opt/homebrew/include    -fPIC  -g -O2  -c tagfilter.c -o tagfilter.o
clang -std=gnu23 -I"/opt/homebrew/Cellar/r/4.6.0/lib/R/include" -DNDEBUG -D_FILE_OFFSET_BITS=64 -I'/opt/homebrew/lib/R/4.6/site-library/Rhtslib/include' -I'/opt/homebrew/lib/R/4.6/site-library/S4Vectors/include' -I'/opt/homebrew/lib/R/4.6/site-library/IRanges/include' -I'/opt/homebrew/lib/R/4.6/site-library/XVector/include' -I'/opt/homebrew/lib/R/4.6/site-library/Biostrings/include' -I/opt/homebrew/opt/gettext/include -I/opt/homebrew/opt/readline/include -I/opt/homebrew/opt/xz/include -I/opt/homebrew/include    -fPIC  -g -O2  -c utilities.c -o utilities.o
clang -std=gnu23 -I"/opt/homebrew/Cellar/r/4.6.0/lib/R/include" -DNDEBUG -D_FILE_OFFSET_BITS=64 -I'/opt/homebrew/lib/R/4.6/site-library/Rhtslib/include' -I'/opt/homebrew/lib/R/4.6/site-library/S4Vectors/include' -I'/opt/homebrew/lib/R/4.6/site-library/IRanges/include' -I'/opt/homebrew/lib/R/4.6/site-library/XVector/include' -I'/opt/homebrew/lib/R/4.6/site-library/Biostrings/include' -I/opt/homebrew/opt/gettext/include -I/opt/homebrew/opt/readline/include -I/opt/homebrew/opt/xz/include -I/opt/homebrew/include    -fPIC  -g -O2  -c zip_compression.c -o zip_compression.o
clang++ -std=gnu++20 -dynamiclib -Wl,-headerpad_max_install_names -undefined dynamic_lookup -L/opt/homebrew/Cellar/r/4.6.0/lib/R/lib -L/opt/homebrew/opt/gettext/lib -L/opt/homebrew/opt/readline/lib -L/opt/homebrew/opt/xz/lib -L/opt/homebrew/lib -o Rsamtools.so Biostrings_stubs.o COMPAT_bcf_hdr_read.o IRanges_stubs.o PileupBuffer.o PosCacheColl.o R_init_Rsamtools.o ResultManager.o S4Vectors_stubs.o XVector_stubs.o as_bam.o bam.o bam_data.o bam_mate_iter.o bam_plbuf.o bam_sort.o bambuffer.o bamfile.o bcffile.o bedidx.o encode.o fafile.o idxstats.o io_sam.o pbuffer_wrapper.o pileup.o pileupbam.o sam_opts.o sam_utils.o samtools_patch.o scan_bam_data.o tabixfile.o tagfilter.o utilities.o zip_compression.o /opt/homebrew/lib/R/4.6/site-library/Rhtslib/usrlib/libhts.a -lcurl -lbz2 -llzma -lz -L/opt/homebrew/Cellar/r/4.6.0/lib/R/lib -lR
installing to /opt/homebrew/lib/R/4.6/site-library/00LOCK-Rsamtools/00new/Rsamtools/libs
** R
** inst
** byte-compile and prepare package for lazy loading
** help
*** installing help indices
** building package indices
** installing vignettes
** testing if installed package can be loaded from temporary location
** checking absolute paths in shared objects and dynamic libraries
** testing if installed package can be loaded from final location
** testing if installed package keeps a record of temporary installation path
* DONE (Rsamtools)
begin installing package ‘GenomicAlignments’
* installing *source* package ‘GenomicAlignments’ ...
** this is package ‘GenomicAlignments’ version ‘1.48.0’
** using staged installation
** libs
using C compiler: ‘Apple clang version 17.0.0 (clang-1700.0.13.5)’
using SDK: ‘MacOSX15.5.sdk’
clang -std=gnu23 -I"/opt/homebrew/Cellar/r/4.6.0/lib/R/include" -DNDEBUG  -I'/opt/homebrew/lib/R/4.6/site-library/S4Vectors/include' -I'/opt/homebrew/lib/R/4.6/site-library/IRanges/include' -I/opt/homebrew/opt/gettext/include -I/opt/homebrew/opt/readline/include -I/opt/homebrew/opt/xz/include -I/opt/homebrew/include    -fPIC  -g -O2  -c IRanges_stubs.c -o IRanges_stubs.o
clang -std=gnu23 -I"/opt/homebrew/Cellar/r/4.6.0/lib/R/include" -DNDEBUG  -I'/opt/homebrew/lib/R/4.6/site-library/S4Vectors/include' -I'/opt/homebrew/lib/R/4.6/site-library/IRanges/include' -I/opt/homebrew/opt/gettext/include -I/opt/homebrew/opt/readline/include -I/opt/homebrew/opt/xz/include -I/opt/homebrew/include    -fPIC  -g -O2  -c R_init_GenomicAlignments.c -o R_init_GenomicAlignments.o
clang -std=gnu23 -I"/opt/homebrew/Cellar/r/4.6.0/lib/R/include" -DNDEBUG  -I'/opt/homebrew/lib/R/4.6/site-library/S4Vectors/include' -I'/opt/homebrew/lib/R/4.6/site-library/IRanges/include' -I/opt/homebrew/opt/gettext/include -I/opt/homebrew/opt/readline/include -I/opt/homebrew/opt/xz/include -I/opt/homebrew/include    -fPIC  -g -O2  -c S4Vectors_stubs.c -o S4Vectors_stubs.o
clang -std=gnu23 -I"/opt/homebrew/Cellar/r/4.6.0/lib/R/include" -DNDEBUG  -I'/opt/homebrew/lib/R/4.6/site-library/S4Vectors/include' -I'/opt/homebrew/lib/R/4.6/site-library/IRanges/include' -I/opt/homebrew/opt/gettext/include -I/opt/homebrew/opt/readline/include -I/opt/homebrew/opt/xz/include -I/opt/homebrew/include    -fPIC  -g -O2  -c encodeOverlaps_methods.c -o encodeOverlaps_methods.o
clang -std=gnu23 -dynamiclib -Wl,-headerpad_max_install_names -undefined dynamic_lookup -L/opt/homebrew/Cellar/r/4.6.0/lib/R/lib -L/opt/homebrew/opt/gettext/lib -L/opt/homebrew/opt/readline/lib -L/opt/homebrew/opt/xz/lib -L/opt/homebrew/lib -o GenomicAlignments.so IRanges_stubs.o R_init_GenomicAlignments.o S4Vectors_stubs.o encodeOverlaps_methods.o -L/opt/homebrew/Cellar/r/4.6.0/lib/R/lib -lR
installing to /opt/homebrew/lib/R/4.6/site-library/00LOCK-GenomicAlignments/00new/GenomicAlignments/libs
** R
** inst
** byte-compile and prepare package for lazy loading
** help
*** installing help indices
** building package indices
** installing vignettes
** testing if installed package can be loaded from temporary location
** checking absolute paths in shared objects and dynamic libraries
** testing if installed package can be loaded from final location
** testing if installed package keeps a record of temporary installation path
* DONE (GenomicAlignments)
begin installing package ‘rtracklayer’
* installing *source* package ‘rtracklayer’ ...
** this is package ‘rtracklayer’ version ‘1.72.0’
** using staged installation
checking for pkg-config... /opt/homebrew/bin/pkg-config
checking pkg-config is at least version 0.9.0... yes
checking for OPENSSL... yes
configure: creating ./config.status
config.status: creating src/Makevars
** libs
using C compiler: ‘Apple clang version 17.0.0 (clang-1700.0.13.5)’
using SDK: ‘MacOSX15.5.sdk’
clang -std=gnu23 -I"/opt/homebrew/Cellar/r/4.6.0/lib/R/include" -DNDEBUG -I/opt/homebrew/Cellar/openssl@3/3.6.2/include -DUSE_SSL -D_FILE_OFFSET_BITS=64 -I'/opt/homebrew/lib/R/4.6/site-library/S4Vectors/include' -I'/opt/homebrew/lib/R/4.6/site-library/IRanges/include' -I'/opt/homebrew/lib/R/4.6/site-library/XVector/include' -I/opt/homebrew/opt/gettext/include -I/opt/homebrew/opt/readline/include -I/opt/homebrew/opt/xz/include -I/opt/homebrew/include    -fPIC  -g -O2  -c S4Vectors_stubs.c -o S4Vectors_stubs.o
clang -std=gnu23 -I"/opt/homebrew/Cellar/r/4.6.0/lib/R/include" -DNDEBUG -I/opt/homebrew/Cellar/openssl@3/3.6.2/include -DUSE_SSL -D_FILE_OFFSET_BITS=64 -I'/opt/homebrew/lib/R/4.6/site-library/S4Vectors/include' -I'/opt/homebrew/lib/R/4.6/site-library/IRanges/include' -I'/opt/homebrew/lib/R/4.6/site-library/XVector/include' -I/opt/homebrew/opt/gettext/include -I/opt/homebrew/opt/readline/include -I/opt/homebrew/opt/xz/include -I/opt/homebrew/include    -fPIC  -g -O2  -c IRanges_stubs.c -o IRanges_stubs.o
clang -std=gnu23 -I"/opt/homebrew/Cellar/r/4.6.0/lib/R/include" -DNDEBUG -I/opt/homebrew/Cellar/openssl@3/3.6.2/include -DUSE_SSL -D_FILE_OFFSET_BITS=64 -I'/opt/homebrew/lib/R/4.6/site-library/S4Vectors/include' -I'/opt/homebrew/lib/R/4.6/site-library/IRanges/include' -I'/opt/homebrew/lib/R/4.6/site-library/XVector/include' -I/opt/homebrew/opt/gettext/include -I/opt/homebrew/opt/readline/include -I/opt/homebrew/opt/xz/include -I/opt/homebrew/include    -fPIC  -g -O2  -c XVector_stubs.c -o XVector_stubs.o
clang -std=gnu23 -I"/opt/homebrew/Cellar/r/4.6.0/lib/R/include" -DNDEBUG -I/opt/homebrew/Cellar/openssl@3/3.6.2/include -DUSE_SSL -D_FILE_OFFSET_BITS=64 -I'/opt/homebrew/lib/R/4.6/site-library/S4Vectors/include' -I'/opt/homebrew/lib/R/4.6/site-library/IRanges/include' -I'/opt/homebrew/lib/R/4.6/site-library/XVector/include' -I/opt/homebrew/opt/gettext/include -I/opt/homebrew/opt/readline/include -I/opt/homebrew/opt/xz/include -I/opt/homebrew/include    -fPIC  -g -O2  -c R_init_rtracklayer.c -o R_init_rtracklayer.o
clang -std=gnu23 -I"/opt/homebrew/Cellar/r/4.6.0/lib/R/include" -DNDEBUG -I/opt/homebrew/Cellar/openssl@3/3.6.2/include -DUSE_SSL -D_FILE_OFFSET_BITS=64 -I'/opt/homebrew/lib/R/4.6/site-library/S4Vectors/include' -I'/opt/homebrew/lib/R/4.6/site-library/IRanges/include' -I'/opt/homebrew/lib/R/4.6/site-library/XVector/include' -I/opt/homebrew/opt/gettext/include -I/opt/homebrew/opt/readline/include -I/opt/homebrew/opt/xz/include -I/opt/homebrew/include    -fPIC  -g -O2  -c readGFF.c -o readGFF.o
clang -std=gnu23 -I"/opt/homebrew/Cellar/r/4.6.0/lib/R/include" -DNDEBUG -I/opt/homebrew/Cellar/openssl@3/3.6.2/include -DUSE_SSL -D_FILE_OFFSET_BITS=64 -I'/opt/homebrew/lib/R/4.6/site-library/S4Vectors/include' -I'/opt/homebrew/lib/R/4.6/site-library/IRanges/include' -I'/opt/homebrew/lib/R/4.6/site-library/XVector/include' -I/opt/homebrew/opt/gettext/include -I/opt/homebrew/opt/readline/include -I/opt/homebrew/opt/xz/include -I/opt/homebrew/include    -fPIC  -g -O2  -c bbiHelper.c -o bbiHelper.o
clang -std=gnu23 -I"/opt/homebrew/Cellar/r/4.6.0/lib/R/include" -DNDEBUG -I/opt/homebrew/Cellar/openssl@3/3.6.2/include -DUSE_SSL -D_FILE_OFFSET_BITS=64 -I'/opt/homebrew/lib/R/4.6/site-library/S4Vectors/include' -I'/opt/homebrew/lib/R/4.6/site-library/IRanges/include' -I'/opt/homebrew/lib/R/4.6/site-library/XVector/include' -I/opt/homebrew/opt/gettext/include -I/opt/homebrew/opt/readline/include -I/opt/homebrew/opt/xz/include -I/opt/homebrew/include    -fPIC  -g -O2  -c bigWig.c -o bigWig.o
clang -std=gnu23 -I"/opt/homebrew/Cellar/r/4.6.0/lib/R/include" -DNDEBUG -I/opt/homebrew/Cellar/openssl@3/3.6.2/include -DUSE_SSL -D_FILE_OFFSET_BITS=64 -I'/opt/homebrew/lib/R/4.6/site-library/S4Vectors/include' -I'/opt/homebrew/lib/R/4.6/site-library/IRanges/include' -I'/opt/homebrew/lib/R/4.6/site-library/XVector/include' -I/opt/homebrew/opt/gettext/include -I/opt/homebrew/opt/readline/include -I/opt/homebrew/opt/xz/include -I/opt/homebrew/include    -fPIC  -g -O2  -c bigBedHelper.c -o bigBedHelper.o
clang -std=gnu23 -I"/opt/homebrew/Cellar/r/4.6.0/lib/R/include" -DNDEBUG -I/opt/homebrew/Cellar/openssl@3/3.6.2/include -DUSE_SSL -D_FILE_OFFSET_BITS=64 -I'/opt/homebrew/lib/R/4.6/site-library/S4Vectors/include' -I'/opt/homebrew/lib/R/4.6/site-library/IRanges/include' -I'/opt/homebrew/lib/R/4.6/site-library/XVector/include' -I/opt/homebrew/opt/gettext/include -I/opt/homebrew/opt/readline/include -I/opt/homebrew/opt/xz/include -I/opt/homebrew/include    -fPIC  -g -O2  -c bigBed.c -o bigBed.o
clang -std=gnu23 -I"/opt/homebrew/Cellar/r/4.6.0/lib/R/include" -DNDEBUG -I/opt/homebrew/Cellar/openssl@3/3.6.2/include -DUSE_SSL -D_FILE_OFFSET_BITS=64 -I'/opt/homebrew/lib/R/4.6/site-library/S4Vectors/include' -I'/opt/homebrew/lib/R/4.6/site-library/IRanges/include' -I'/opt/homebrew/lib/R/4.6/site-library/XVector/include' -I/opt/homebrew/opt/gettext/include -I/opt/homebrew/opt/readline/include -I/opt/homebrew/opt/xz/include -I/opt/homebrew/include    -fPIC  -g -O2  -c chain_io.c -o chain_io.o
clang -std=gnu23 -I"/opt/homebrew/Cellar/r/4.6.0/lib/R/include" -DNDEBUG -I/opt/homebrew/Cellar/openssl@3/3.6.2/include -DUSE_SSL -D_FILE_OFFSET_BITS=64 -I'/opt/homebrew/lib/R/4.6/site-library/S4Vectors/include' -I'/opt/homebrew/lib/R/4.6/site-library/IRanges/include' -I'/opt/homebrew/lib/R/4.6/site-library/XVector/include' -I/opt/homebrew/opt/gettext/include -I/opt/homebrew/opt/readline/include -I/opt/homebrew/opt/xz/include -I/opt/homebrew/include    -fPIC  -g -O2  -c twoBit.c -o twoBit.o
clang -std=gnu23 -I"/opt/homebrew/Cellar/r/4.6.0/lib/R/include" -DNDEBUG -I/opt/homebrew/Cellar/openssl@3/3.6.2/include -DUSE_SSL -D_FILE_OFFSET_BITS=64 -I'/opt/homebrew/lib/R/4.6/site-library/S4Vectors/include' -I'/opt/homebrew/lib/R/4.6/site-library/IRanges/include' -I'/opt/homebrew/lib/R/4.6/site-library/XVector/include' -I/opt/homebrew/opt/gettext/include -I/opt/homebrew/opt/readline/include -I/opt/homebrew/opt/xz/include -I/opt/homebrew/include    -fPIC  -g -O2  -c handlers.c -o handlers.o
clang -std=gnu23 -I"/opt/homebrew/Cellar/r/4.6.0/lib/R/include" -DNDEBUG -I/opt/homebrew/Cellar/openssl@3/3.6.2/include -DUSE_SSL -D_FILE_OFFSET_BITS=64 -I'/opt/homebrew/lib/R/4.6/site-library/S4Vectors/include' -I'/opt/homebrew/lib/R/4.6/site-library/IRanges/include' -I'/opt/homebrew/lib/R/4.6/site-library/XVector/include' -I/opt/homebrew/opt/gettext/include -I/opt/homebrew/opt/readline/include -I/opt/homebrew/opt/xz/include -I/opt/homebrew/include    -fPIC  -g -O2  -c utils.c -o utils.o
clang -std=gnu23 -I"/opt/homebrew/Cellar/r/4.6.0/lib/R/include" -DNDEBUG -I/opt/homebrew/Cellar/openssl@3/3.6.2/include -DUSE_SSL -D_FILE_OFFSET_BITS=64 -I'/opt/homebrew/lib/R/4.6/site-library/S4Vectors/include' -I'/opt/homebrew/lib/R/4.6/site-library/IRanges/include' -I'/opt/homebrew/lib/R/4.6/site-library/XVector/include' -I/opt/homebrew/opt/gettext/include -I/opt/homebrew/opt/readline/include -I/opt/homebrew/opt/xz/include -I/opt/homebrew/include    -fPIC  -g -O2  -c ucsc/memgfx.c -o ucsc/memgfx.o
clang -std=gnu23 -I"/opt/homebrew/Cellar/r/4.6.0/lib/R/include" -DNDEBUG -I/opt/homebrew/Cellar/openssl@3/3.6.2/include -DUSE_SSL -D_FILE_OFFSET_BITS=64 -I'/opt/homebrew/lib/R/4.6/site-library/S4Vectors/include' -I'/opt/homebrew/lib/R/4.6/site-library/IRanges/include' -I'/opt/homebrew/lib/R/4.6/site-library/XVector/include' -I/opt/homebrew/opt/gettext/include -I/opt/homebrew/opt/readline/include -I/opt/homebrew/opt/xz/include -I/opt/homebrew/include    -fPIC  -g -O2  -c ucsc/binRange.c -o ucsc/binRange.o
clang -std=gnu23 -I"/opt/homebrew/Cellar/r/4.6.0/lib/R/include" -DNDEBUG -I/opt/homebrew/Cellar/openssl@3/3.6.2/include -DUSE_SSL -D_FILE_OFFSET_BITS=64 -I'/opt/homebrew/lib/R/4.6/site-library/S4Vectors/include' -I'/opt/homebrew/lib/R/4.6/site-library/IRanges/include' -I'/opt/homebrew/lib/R/4.6/site-library/XVector/include' -I/opt/homebrew/opt/gettext/include -I/opt/homebrew/opt/readline/include -I/opt/homebrew/opt/xz/include -I/opt/homebrew/include    -fPIC  -g -O2  -c ucsc/htmlColor.c -o ucsc/htmlColor.o
clang -std=gnu23 -I"/opt/homebrew/Cellar/r/4.6.0/lib/R/include" -DNDEBUG -I/opt/homebrew/Cellar/openssl@3/3.6.2/include -DUSE_SSL -D_FILE_OFFSET_BITS=64 -I'/opt/homebrew/lib/R/4.6/site-library/S4Vectors/include' -I'/opt/homebrew/lib/R/4.6/site-library/IRanges/include' -I'/opt/homebrew/lib/R/4.6/site-library/XVector/include' -I/opt/homebrew/opt/gettext/include -I/opt/homebrew/opt/readline/include -I/opt/homebrew/opt/xz/include -I/opt/homebrew/include    -fPIC  -g -O2  -c ucsc/sqlList.c -o ucsc/sqlList.o
clang -std=gnu23 -I"/opt/homebrew/Cellar/r/4.6.0/lib/R/include" -DNDEBUG -I/opt/homebrew/Cellar/openssl@3/3.6.2/include -DUSE_SSL -D_FILE_OFFSET_BITS=64 -I'/opt/homebrew/lib/R/4.6/site-library/S4Vectors/include' -I'/opt/homebrew/lib/R/4.6/site-library/IRanges/include' -I'/opt/homebrew/lib/R/4.6/site-library/XVector/include' -I/opt/homebrew/opt/gettext/include -I/opt/homebrew/opt/readline/include -I/opt/homebrew/opt/xz/include -I/opt/homebrew/include    -fPIC  -g -O2  -c ucsc/tokenizer.c -o ucsc/tokenizer.o
clang -std=gnu23 -I"/opt/homebrew/Cellar/r/4.6.0/lib/R/include" -DNDEBUG -I/opt/homebrew/Cellar/openssl@3/3.6.2/include -DUSE_SSL -D_FILE_OFFSET_BITS=64 -I'/opt/homebrew/lib/R/4.6/site-library/S4Vectors/include' -I'/opt/homebrew/lib/R/4.6/site-library/IRanges/include' -I'/opt/homebrew/lib/R/4.6/site-library/XVector/include' -I/opt/homebrew/opt/gettext/include -I/opt/homebrew/opt/readline/include -I/opt/homebrew/opt/xz/include -I/opt/homebrew/include    -fPIC  -g -O2  -c ucsc/asParse.c -o ucsc/asParse.o
clang -std=gnu23 -I"/opt/homebrew/Cellar/r/4.6.0/lib/R/include" -DNDEBUG -I/opt/homebrew/Cellar/openssl@3/3.6.2/include -DUSE_SSL -D_FILE_OFFSET_BITS=64 -I'/opt/homebrew/lib/R/4.6/site-library/S4Vectors/include' -I'/opt/homebrew/lib/R/4.6/site-library/IRanges/include' -I'/opt/homebrew/lib/R/4.6/site-library/XVector/include' -I/opt/homebrew/opt/gettext/include -I/opt/homebrew/opt/readline/include -I/opt/homebrew/opt/xz/include -I/opt/homebrew/include    -fPIC  -g -O2  -c ucsc/basicBed.c -o ucsc/basicBed.o
clang -std=gnu23 -I"/opt/homebrew/Cellar/r/4.6.0/lib/R/include" -DNDEBUG -I/opt/homebrew/Cellar/openssl@3/3.6.2/include -DUSE_SSL -D_FILE_OFFSET_BITS=64 -I'/opt/homebrew/lib/R/4.6/site-library/S4Vectors/include' -I'/opt/homebrew/lib/R/4.6/site-library/IRanges/include' -I'/opt/homebrew/lib/R/4.6/site-library/XVector/include' -I/opt/homebrew/opt/gettext/include -I/opt/homebrew/opt/readline/include -I/opt/homebrew/opt/xz/include -I/opt/homebrew/include    -fPIC  -g -O2  -c ucsc/bigBed.c -o ucsc/bigBed.o
clang -std=gnu23 -I"/opt/homebrew/Cellar/r/4.6.0/lib/R/include" -DNDEBUG -I/opt/homebrew/Cellar/openssl@3/3.6.2/include -DUSE_SSL -D_FILE_OFFSET_BITS=64 -I'/opt/homebrew/lib/R/4.6/site-library/S4Vectors/include' -I'/opt/homebrew/lib/R/4.6/site-library/IRanges/include' -I'/opt/homebrew/lib/R/4.6/site-library/XVector/include' -I/opt/homebrew/opt/gettext/include -I/opt/homebrew/opt/readline/include -I/opt/homebrew/opt/xz/include -I/opt/homebrew/include    -fPIC  -g -O2  -c ucsc/bPlusTree.c -o ucsc/bPlusTree.o
clang -std=gnu23 -I"/opt/homebrew/Cellar/r/4.6.0/lib/R/include" -DNDEBUG -I/opt/homebrew/Cellar/openssl@3/3.6.2/include -DUSE_SSL -D_FILE_OFFSET_BITS=64 -I'/opt/homebrew/lib/R/4.6/site-library/S4Vectors/include' -I'/opt/homebrew/lib/R/4.6/site-library/IRanges/include' -I'/opt/homebrew/lib/R/4.6/site-library/XVector/include' -I/opt/homebrew/opt/gettext/include -I/opt/homebrew/opt/readline/include -I/opt/homebrew/opt/xz/include -I/opt/homebrew/include    -fPIC  -g -O2  -c ucsc/bbiRead.c -o ucsc/bbiRead.o
clang -std=gnu23 -I"/opt/homebrew/Cellar/r/4.6.0/lib/R/include" -DNDEBUG -I/opt/homebrew/Cellar/openssl@3/3.6.2/include -DUSE_SSL -D_FILE_OFFSET_BITS=64 -I'/opt/homebrew/lib/R/4.6/site-library/S4Vectors/include' -I'/opt/homebrew/lib/R/4.6/site-library/IRanges/include' -I'/opt/homebrew/lib/R/4.6/site-library/XVector/include' -I/opt/homebrew/opt/gettext/include -I/opt/homebrew/opt/readline/include -I/opt/homebrew/opt/xz/include -I/opt/homebrew/include    -fPIC  -g -O2  -c ucsc/bbiWrite.c -o ucsc/bbiWrite.o
clang -std=gnu23 -I"/opt/homebrew/Cellar/r/4.6.0/lib/R/include" -DNDEBUG -I/opt/homebrew/Cellar/openssl@3/3.6.2/include -DUSE_SSL -D_FILE_OFFSET_BITS=64 -I'/opt/homebrew/lib/R/4.6/site-library/S4Vectors/include' -I'/opt/homebrew/lib/R/4.6/site-library/IRanges/include' -I'/opt/homebrew/lib/R/4.6/site-library/XVector/include' -I/opt/homebrew/opt/gettext/include -I/opt/homebrew/opt/readline/include -I/opt/homebrew/opt/xz/include -I/opt/homebrew/include    -fPIC  -g -O2  -c ucsc/bwgCreate.c -o ucsc/bwgCreate.o
clang -std=gnu23 -I"/opt/homebrew/Cellar/r/4.6.0/lib/R/include" -DNDEBUG -I/opt/homebrew/Cellar/openssl@3/3.6.2/include -DUSE_SSL -D_FILE_OFFSET_BITS=64 -I'/opt/homebrew/lib/R/4.6/site-library/S4Vectors/include' -I'/opt/homebrew/lib/R/4.6/site-library/IRanges/include' -I'/opt/homebrew/lib/R/4.6/site-library/XVector/include' -I/opt/homebrew/opt/gettext/include -I/opt/homebrew/opt/readline/include -I/opt/homebrew/opt/xz/include -I/opt/homebrew/include    -fPIC  -g -O2  -c ucsc/bwgQuery.c -o ucsc/bwgQuery.o
clang -std=gnu23 -I"/opt/homebrew/Cellar/r/4.6.0/lib/R/include" -DNDEBUG -I/opt/homebrew/Cellar/openssl@3/3.6.2/include -DUSE_SSL -D_FILE_OFFSET_BITS=64 -I'/opt/homebrew/lib/R/4.6/site-library/S4Vectors/include' -I'/opt/homebrew/lib/R/4.6/site-library/IRanges/include' -I'/opt/homebrew/lib/R/4.6/site-library/XVector/include' -I/opt/homebrew/opt/gettext/include -I/opt/homebrew/opt/readline/include -I/opt/homebrew/opt/xz/include -I/opt/homebrew/include    -fPIC  -g -O2  -c ucsc/cirTree.c -o ucsc/cirTree.o
clang -std=gnu23 -I"/opt/homebrew/Cellar/r/4.6.0/lib/R/include" -DNDEBUG -I/opt/homebrew/Cellar/openssl@3/3.6.2/include -DUSE_SSL -D_FILE_OFFSET_BITS=64 -I'/opt/homebrew/lib/R/4.6/site-library/S4Vectors/include' -I'/opt/homebrew/lib/R/4.6/site-library/IRanges/include' -I'/opt/homebrew/lib/R/4.6/site-library/XVector/include' -I/opt/homebrew/opt/gettext/include -I/opt/homebrew/opt/readline/include -I/opt/homebrew/opt/xz/include -I/opt/homebrew/include    -fPIC  -g -O2  -c ucsc/common.c -o ucsc/common.o
clang -std=gnu23 -I"/opt/homebrew/Cellar/r/4.6.0/lib/R/include" -DNDEBUG -I/opt/homebrew/Cellar/openssl@3/3.6.2/include -DUSE_SSL -D_FILE_OFFSET_BITS=64 -I'/opt/homebrew/lib/R/4.6/site-library/S4Vectors/include' -I'/opt/homebrew/lib/R/4.6/site-library/IRanges/include' -I'/opt/homebrew/lib/R/4.6/site-library/XVector/include' -I/opt/homebrew/opt/gettext/include -I/opt/homebrew/opt/readline/include -I/opt/homebrew/opt/xz/include -I/opt/homebrew/include    -fPIC  -g -O2  -c ucsc/dnaseq.c -o ucsc/dnaseq.o
clang -std=gnu23 -I"/opt/homebrew/Cellar/r/4.6.0/lib/R/include" -DNDEBUG -I/opt/homebrew/Cellar/openssl@3/3.6.2/include -DUSE_SSL -D_FILE_OFFSET_BITS=64 -I'/opt/homebrew/lib/R/4.6/site-library/S4Vectors/include' -I'/opt/homebrew/lib/R/4.6/site-library/IRanges/include' -I'/opt/homebrew/lib/R/4.6/site-library/XVector/include' -I/opt/homebrew/opt/gettext/include -I/opt/homebrew/opt/readline/include -I/opt/homebrew/opt/xz/include -I/opt/homebrew/include    -fPIC  -g -O2  -c ucsc/dnautil.c -o ucsc/dnautil.o
clang -std=gnu23 -I"/opt/homebrew/Cellar/r/4.6.0/lib/R/include" -DNDEBUG -I/opt/homebrew/Cellar/openssl@3/3.6.2/include -DUSE_SSL -D_FILE_OFFSET_BITS=64 -I'/opt/homebrew/lib/R/4.6/site-library/S4Vectors/include' -I'/opt/homebrew/lib/R/4.6/site-library/IRanges/include' -I'/opt/homebrew/lib/R/4.6/site-library/XVector/include' -I/opt/homebrew/opt/gettext/include -I/opt/homebrew/opt/readline/include -I/opt/homebrew/opt/xz/include -I/opt/homebrew/include    -fPIC  -g -O2  -c ucsc/errAbort.c -o ucsc/errAbort.o
clang -std=gnu23 -I"/opt/homebrew/Cellar/r/4.6.0/lib/R/include" -DNDEBUG -I/opt/homebrew/Cellar/openssl@3/3.6.2/include -DUSE_SSL -D_FILE_OFFSET_BITS=64 -I'/opt/homebrew/lib/R/4.6/site-library/S4Vectors/include' -I'/opt/homebrew/lib/R/4.6/site-library/IRanges/include' -I'/opt/homebrew/lib/R/4.6/site-library/XVector/include' -I/opt/homebrew/opt/gettext/include -I/opt/homebrew/opt/readline/include -I/opt/homebrew/opt/xz/include -I/opt/homebrew/include    -fPIC  -g -O2  -c ucsc/hash.c -o ucsc/hash.o
clang -std=gnu23 -I"/opt/homebrew/Cellar/r/4.6.0/lib/R/include" -DNDEBUG -I/opt/homebrew/Cellar/openssl@3/3.6.2/include -DUSE_SSL -D_FILE_OFFSET_BITS=64 -I'/opt/homebrew/lib/R/4.6/site-library/S4Vectors/include' -I'/opt/homebrew/lib/R/4.6/site-library/IRanges/include' -I'/opt/homebrew/lib/R/4.6/site-library/XVector/include' -I/opt/homebrew/opt/gettext/include -I/opt/homebrew/opt/readline/include -I/opt/homebrew/opt/xz/include -I/opt/homebrew/include    -fPIC  -g -O2  -c ucsc/linefile.c -o ucsc/linefile.o
clang -std=gnu23 -I"/opt/homebrew/Cellar/r/4.6.0/lib/R/include" -DNDEBUG -I/opt/homebrew/Cellar/openssl@3/3.6.2/include -DUSE_SSL -D_FILE_OFFSET_BITS=64 -I'/opt/homebrew/lib/R/4.6/site-library/S4Vectors/include' -I'/opt/homebrew/lib/R/4.6/site-library/IRanges/include' -I'/opt/homebrew/lib/R/4.6/site-library/XVector/include' -I/opt/homebrew/opt/gettext/include -I/opt/homebrew/opt/readline/include -I/opt/homebrew/opt/xz/include -I/opt/homebrew/include    -fPIC  -g -O2  -c ucsc/localmem.c -o ucsc/localmem.o
clang -std=gnu23 -I"/opt/homebrew/Cellar/r/4.6.0/lib/R/include" -DNDEBUG -I/opt/homebrew/Cellar/openssl@3/3.6.2/include -DUSE_SSL -D_FILE_OFFSET_BITS=64 -I'/opt/homebrew/lib/R/4.6/site-library/S4Vectors/include' -I'/opt/homebrew/lib/R/4.6/site-library/IRanges/include' -I'/opt/homebrew/lib/R/4.6/site-library/XVector/include' -I/opt/homebrew/opt/gettext/include -I/opt/homebrew/opt/readline/include -I/opt/homebrew/opt/xz/include -I/opt/homebrew/include    -fPIC  -g -O2  -c ucsc/sqlNum.c -o ucsc/sqlNum.o
clang -std=gnu23 -I"/opt/homebrew/Cellar/r/4.6.0/lib/R/include" -DNDEBUG -I/opt/homebrew/Cellar/openssl@3/3.6.2/include -DUSE_SSL -D_FILE_OFFSET_BITS=64 -I'/opt/homebrew/lib/R/4.6/site-library/S4Vectors/include' -I'/opt/homebrew/lib/R/4.6/site-library/IRanges/include' -I'/opt/homebrew/lib/R/4.6/site-library/XVector/include' -I/opt/homebrew/opt/gettext/include -I/opt/homebrew/opt/readline/include -I/opt/homebrew/opt/xz/include -I/opt/homebrew/include    -fPIC  -g -O2  -c ucsc/zlibFace.c -o ucsc/zlibFace.o
clang -std=gnu23 -I"/opt/homebrew/Cellar/r/4.6.0/lib/R/include" -DNDEBUG -I/opt/homebrew/Cellar/openssl@3/3.6.2/include -DUSE_SSL -D_FILE_OFFSET_BITS=64 -I'/opt/homebrew/lib/R/4.6/site-library/S4Vectors/include' -I'/opt/homebrew/lib/R/4.6/site-library/IRanges/include' -I'/opt/homebrew/lib/R/4.6/site-library/XVector/include' -I/opt/homebrew/opt/gettext/include -I/opt/homebrew/opt/readline/include -I/opt/homebrew/opt/xz/include -I/opt/homebrew/include    -fPIC  -g -O2  -c ucsc/dystring.c -o ucsc/dystring.o
clang -std=gnu23 -I"/opt/homebrew/Cellar/r/4.6.0/lib/R/include" -DNDEBUG -I/opt/homebrew/Cellar/openssl@3/3.6.2/include -DUSE_SSL -D_FILE_OFFSET_BITS=64 -I'/opt/homebrew/lib/R/4.6/site-library/S4Vectors/include' -I'/opt/homebrew/lib/R/4.6/site-library/IRanges/include' -I'/opt/homebrew/lib/R/4.6/site-library/XVector/include' -I/opt/homebrew/opt/gettext/include -I/opt/homebrew/opt/readline/include -I/opt/homebrew/opt/xz/include -I/opt/homebrew/include    -fPIC  -g -O2  -c ucsc/hmmstats.c -o ucsc/hmmstats.o
clang -std=gnu23 -I"/opt/homebrew/Cellar/r/4.6.0/lib/R/include" -DNDEBUG -I/opt/homebrew/Cellar/openssl@3/3.6.2/include -DUSE_SSL -D_FILE_OFFSET_BITS=64 -I'/opt/homebrew/lib/R/4.6/site-library/S4Vectors/include' -I'/opt/homebrew/lib/R/4.6/site-library/IRanges/include' -I'/opt/homebrew/lib/R/4.6/site-library/XVector/include' -I/opt/homebrew/opt/gettext/include -I/opt/homebrew/opt/readline/include -I/opt/homebrew/opt/xz/include -I/opt/homebrew/include    -fPIC  -g -O2  -c ucsc/obscure.c -o ucsc/obscure.o
clang -std=gnu23 -I"/opt/homebrew/Cellar/r/4.6.0/lib/R/include" -DNDEBUG -I/opt/homebrew/Cellar/openssl@3/3.6.2/include -DUSE_SSL -D_FILE_OFFSET_BITS=64 -I'/opt/homebrew/lib/R/4.6/site-library/S4Vectors/include' -I'/opt/homebrew/lib/R/4.6/site-library/IRanges/include' -I'/opt/homebrew/lib/R/4.6/site-library/XVector/include' -I/opt/homebrew/opt/gettext/include -I/opt/homebrew/opt/readline/include -I/opt/homebrew/opt/xz/include -I/opt/homebrew/include    -fPIC  -g -O2  -c ucsc/rangeTree.c -o ucsc/rangeTree.o
clang -std=gnu23 -I"/opt/homebrew/Cellar/r/4.6.0/lib/R/include" -DNDEBUG -I/opt/homebrew/Cellar/openssl@3/3.6.2/include -DUSE_SSL -D_FILE_OFFSET_BITS=64 -I'/opt/homebrew/lib/R/4.6/site-library/S4Vectors/include' -I'/opt/homebrew/lib/R/4.6/site-library/IRanges/include' -I'/opt/homebrew/lib/R/4.6/site-library/XVector/include' -I/opt/homebrew/opt/gettext/include -I/opt/homebrew/opt/readline/include -I/opt/homebrew/opt/xz/include -I/opt/homebrew/include    -fPIC  -g -O2  -c ucsc/rbTree.c -o ucsc/rbTree.o
clang -std=gnu23 -I"/opt/homebrew/Cellar/r/4.6.0/lib/R/include" -DNDEBUG -I/opt/homebrew/Cellar/openssl@3/3.6.2/include -DUSE_SSL -D_FILE_OFFSET_BITS=64 -I'/opt/homebrew/lib/R/4.6/site-library/S4Vectors/include' -I'/opt/homebrew/lib/R/4.6/site-library/IRanges/include' -I'/opt/homebrew/lib/R/4.6/site-library/XVector/include' -I/opt/homebrew/opt/gettext/include -I/opt/homebrew/opt/readline/include -I/opt/homebrew/opt/xz/include -I/opt/homebrew/include    -fPIC  -g -O2  -c ucsc/memalloc.c -o ucsc/memalloc.o
clang -std=gnu23 -I"/opt/homebrew/Cellar/r/4.6.0/lib/R/include" -DNDEBUG -I/opt/homebrew/Cellar/openssl@3/3.6.2/include -DUSE_SSL -D_FILE_OFFSET_BITS=64 -I'/opt/homebrew/lib/R/4.6/site-library/S4Vectors/include' -I'/opt/homebrew/lib/R/4.6/site-library/IRanges/include' -I'/opt/homebrew/lib/R/4.6/site-library/XVector/include' -I/opt/homebrew/opt/gettext/include -I/opt/homebrew/opt/readline/include -I/opt/homebrew/opt/xz/include -I/opt/homebrew/include    -fPIC  -g -O2  -c ucsc/dlist.c -o ucsc/dlist.o
clang -std=gnu23 -I"/opt/homebrew/Cellar/r/4.6.0/lib/R/include" -DNDEBUG -I/opt/homebrew/Cellar/openssl@3/3.6.2/include -DUSE_SSL -D_FILE_OFFSET_BITS=64 -I'/opt/homebrew/lib/R/4.6/site-library/S4Vectors/include' -I'/opt/homebrew/lib/R/4.6/site-library/IRanges/include' -I'/opt/homebrew/lib/R/4.6/site-library/XVector/include' -I/opt/homebrew/opt/gettext/include -I/opt/homebrew/opt/readline/include -I/opt/homebrew/opt/xz/include -I/opt/homebrew/include    -fPIC  -g -O2  -c ucsc/filePath.c -o ucsc/filePath.o
clang -std=gnu23 -I"/opt/homebrew/Cellar/r/4.6.0/lib/R/include" -DNDEBUG -I/opt/homebrew/Cellar/openssl@3/3.6.2/include -DUSE_SSL -D_FILE_OFFSET_BITS=64 -I'/opt/homebrew/lib/R/4.6/site-library/S4Vectors/include' -I'/opt/homebrew/lib/R/4.6/site-library/IRanges/include' -I'/opt/homebrew/lib/R/4.6/site-library/XVector/include' -I/opt/homebrew/opt/gettext/include -I/opt/homebrew/opt/readline/include -I/opt/homebrew/opt/xz/include -I/opt/homebrew/include    -fPIC  -g -O2  -c ucsc/htmlPage.c -o ucsc/htmlPage.o
clang -std=gnu23 -I"/opt/homebrew/Cellar/r/4.6.0/lib/R/include" -DNDEBUG -I/opt/homebrew/Cellar/openssl@3/3.6.2/include -DUSE_SSL -D_FILE_OFFSET_BITS=64 -I'/opt/homebrew/lib/R/4.6/site-library/S4Vectors/include' -I'/opt/homebrew/lib/R/4.6/site-library/IRanges/include' -I'/opt/homebrew/lib/R/4.6/site-library/XVector/include' -I/opt/homebrew/opt/gettext/include -I/opt/homebrew/opt/readline/include -I/opt/homebrew/opt/xz/include -I/opt/homebrew/include    -fPIC  -g -O2  -c ucsc/udc.c -o ucsc/udc.o
clang -std=gnu23 -I"/opt/homebrew/Cellar/r/4.6.0/lib/R/include" -DNDEBUG -I/opt/homebrew/Cellar/openssl@3/3.6.2/include -DUSE_SSL -D_FILE_OFFSET_BITS=64 -I'/opt/homebrew/lib/R/4.6/site-library/S4Vectors/include' -I'/opt/homebrew/lib/R/4.6/site-library/IRanges/include' -I'/opt/homebrew/lib/R/4.6/site-library/XVector/include' -I/opt/homebrew/opt/gettext/include -I/opt/homebrew/opt/readline/include -I/opt/homebrew/opt/xz/include -I/opt/homebrew/include    -fPIC  -g -O2  -c ucsc/net.c -o ucsc/net.o
clang -std=gnu23 -I"/opt/homebrew/Cellar/r/4.6.0/lib/R/include" -DNDEBUG -I/opt/homebrew/Cellar/openssl@3/3.6.2/include -DUSE_SSL -D_FILE_OFFSET_BITS=64 -I'/opt/homebrew/lib/R/4.6/site-library/S4Vectors/include' -I'/opt/homebrew/lib/R/4.6/site-library/IRanges/include' -I'/opt/homebrew/lib/R/4.6/site-library/XVector/include' -I/opt/homebrew/opt/gettext/include -I/opt/homebrew/opt/readline/include -I/opt/homebrew/opt/xz/include -I/opt/homebrew/include    -fPIC  -g -O2  -c ucsc/bits.c -o ucsc/bits.o
clang -std=gnu23 -I"/opt/homebrew/Cellar/r/4.6.0/lib/R/include" -DNDEBUG -I/opt/homebrew/Cellar/openssl@3/3.6.2/include -DUSE_SSL -D_FILE_OFFSET_BITS=64 -I'/opt/homebrew/lib/R/4.6/site-library/S4Vectors/include' -I'/opt/homebrew/lib/R/4.6/site-library/IRanges/include' -I'/opt/homebrew/lib/R/4.6/site-library/XVector/include' -I/opt/homebrew/opt/gettext/include -I/opt/homebrew/opt/readline/include -I/opt/homebrew/opt/xz/include -I/opt/homebrew/include    -fPIC  -g -O2  -c ucsc/twoBit.c -o ucsc/twoBit.o
clang -std=gnu23 -I"/opt/homebrew/Cellar/r/4.6.0/lib/R/include" -DNDEBUG -I/opt/homebrew/Cellar/openssl@3/3.6.2/include -DUSE_SSL -D_FILE_OFFSET_BITS=64 -I'/opt/homebrew/lib/R/4.6/site-library/S4Vectors/include' -I'/opt/homebrew/lib/R/4.6/site-library/IRanges/include' -I'/opt/homebrew/lib/R/4.6/site-library/XVector/include' -I/opt/homebrew/opt/gettext/include -I/opt/homebrew/opt/readline/include -I/opt/homebrew/opt/xz/include -I/opt/homebrew/include    -fPIC  -g -O2  -c ucsc/_cheapcgi.c -o ucsc/_cheapcgi.o
clang -std=gnu23 -I"/opt/homebrew/Cellar/r/4.6.0/lib/R/include" -DNDEBUG -I/opt/homebrew/Cellar/openssl@3/3.6.2/include -DUSE_SSL -D_FILE_OFFSET_BITS=64 -I'/opt/homebrew/lib/R/4.6/site-library/S4Vectors/include' -I'/opt/homebrew/lib/R/4.6/site-library/IRanges/include' -I'/opt/homebrew/lib/R/4.6/site-library/XVector/include' -I/opt/homebrew/opt/gettext/include -I/opt/homebrew/opt/readline/include -I/opt/homebrew/opt/xz/include -I/opt/homebrew/include    -fPIC  -g -O2  -c ucsc/https.c -o ucsc/https.o
clang -std=gnu23 -I"/opt/homebrew/Cellar/r/4.6.0/lib/R/include" -DNDEBUG -I/opt/homebrew/Cellar/openssl@3/3.6.2/include -DUSE_SSL -D_FILE_OFFSET_BITS=64 -I'/opt/homebrew/lib/R/4.6/site-library/S4Vectors/include' -I'/opt/homebrew/lib/R/4.6/site-library/IRanges/include' -I'/opt/homebrew/lib/R/4.6/site-library/XVector/include' -I/opt/homebrew/opt/gettext/include -I/opt/homebrew/opt/readline/include -I/opt/homebrew/opt/xz/include -I/opt/homebrew/include    -fPIC  -g -O2  -c ucsc/base64.c -o ucsc/base64.o
clang -std=gnu23 -I"/opt/homebrew/Cellar/r/4.6.0/lib/R/include" -DNDEBUG -I/opt/homebrew/Cellar/openssl@3/3.6.2/include -DUSE_SSL -D_FILE_OFFSET_BITS=64 -I'/opt/homebrew/lib/R/4.6/site-library/S4Vectors/include' -I'/opt/homebrew/lib/R/4.6/site-library/IRanges/include' -I'/opt/homebrew/lib/R/4.6/site-library/XVector/include' -I/opt/homebrew/opt/gettext/include -I/opt/homebrew/opt/readline/include -I/opt/homebrew/opt/xz/include -I/opt/homebrew/include    -fPIC  -g -O2  -c ucsc/verbose.c -o ucsc/verbose.o
clang -std=gnu23 -I"/opt/homebrew/Cellar/r/4.6.0/lib/R/include" -DNDEBUG -I/opt/homebrew/Cellar/openssl@3/3.6.2/include -DUSE_SSL -D_FILE_OFFSET_BITS=64 -I'/opt/homebrew/lib/R/4.6/site-library/S4Vectors/include' -I'/opt/homebrew/lib/R/4.6/site-library/IRanges/include' -I'/opt/homebrew/lib/R/4.6/site-library/XVector/include' -I/opt/homebrew/opt/gettext/include -I/opt/homebrew/opt/readline/include -I/opt/homebrew/opt/xz/include -I/opt/homebrew/include    -fPIC  -g -O2  -c ucsc/os.c -o ucsc/os.o
clang -std=gnu23 -I"/opt/homebrew/Cellar/r/4.6.0/lib/R/include" -DNDEBUG -I/opt/homebrew/Cellar/openssl@3/3.6.2/include -DUSE_SSL -D_FILE_OFFSET_BITS=64 -I'/opt/homebrew/lib/R/4.6/site-library/S4Vectors/include' -I'/opt/homebrew/lib/R/4.6/site-library/IRanges/include' -I'/opt/homebrew/lib/R/4.6/site-library/XVector/include' -I/opt/homebrew/opt/gettext/include -I/opt/homebrew/opt/readline/include -I/opt/homebrew/opt/xz/include -I/opt/homebrew/include    -fPIC  -g -O2  -c ucsc/wildcmp.c -o ucsc/wildcmp.o
clang -std=gnu23 -I"/opt/homebrew/Cellar/r/4.6.0/lib/R/include" -DNDEBUG -I/opt/homebrew/Cellar/openssl@3/3.6.2/include -DUSE_SSL -D_FILE_OFFSET_BITS=64 -I'/opt/homebrew/lib/R/4.6/site-library/S4Vectors/include' -I'/opt/homebrew/lib/R/4.6/site-library/IRanges/include' -I'/opt/homebrew/lib/R/4.6/site-library/XVector/include' -I/opt/homebrew/opt/gettext/include -I/opt/homebrew/opt/readline/include -I/opt/homebrew/opt/xz/include -I/opt/homebrew/include    -fPIC  -g -O2  -c ucsc/_portimpl.c -o ucsc/_portimpl.o
clang -std=gnu23 -dynamiclib -Wl,-headerpad_max_install_names -undefined dynamic_lookup -L/opt/homebrew/Cellar/r/4.6.0/lib/R/lib -L/opt/homebrew/opt/gettext/lib -L/opt/homebrew/opt/readline/lib -L/opt/homebrew/opt/xz/lib -L/opt/homebrew/lib -o rtracklayer.so S4Vectors_stubs.o IRanges_stubs.o XVector_stubs.o R_init_rtracklayer.o readGFF.o bbiHelper.o bigWig.o bigBedHelper.o bigBed.o chain_io.o twoBit.o handlers.o utils.o ucsc/memgfx.o ucsc/binRange.o ucsc/htmlColor.o ucsc/sqlList.o ucsc/tokenizer.o ucsc/asParse.o ucsc/basicBed.o ucsc/bigBed.o ucsc/bPlusTree.o ucsc/bbiRead.o ucsc/bbiWrite.o ucsc/bwgCreate.o ucsc/bwgQuery.o ucsc/cirTree.o ucsc/common.o ucsc/dnaseq.o ucsc/dnautil.o ucsc/errAbort.o ucsc/hash.o ucsc/linefile.o ucsc/localmem.o ucsc/sqlNum.o ucsc/zlibFace.o ucsc/dystring.o ucsc/hmmstats.o ucsc/obscure.o ucsc/rangeTree.o ucsc/rbTree.o ucsc/memalloc.o ucsc/dlist.o ucsc/filePath.o ucsc/htmlPage.o ucsc/udc.o ucsc/net.o ucsc/bits.o ucsc/twoBit.o ucsc/_cheapcgi.o ucsc/https.o ucsc/base64.o ucsc/verbose.o ucsc/os.o ucsc/wildcmp.o ucsc/_portimpl.o -lz -pthread -L/opt/homebrew/Cellar/openssl@3/3.6.2/lib -lssl -lcrypto -lcurl -L/opt/homebrew/Cellar/r/4.6.0/lib/R/lib -lR
installing to /opt/homebrew/lib/R/4.6/site-library/00LOCK-rtracklayer/00new/rtracklayer/libs
** R
** data
** demo
** inst
** byte-compile and prepare package for lazy loading
Creating a generic function for ‘offset’ from package ‘stats’ in package ‘rtracklayer’
** help
*** installing help indices
** building package indices
** installing vignettes
** testing if installed package can be loaded from temporary location
** checking absolute paths in shared objects and dynamic libraries
** testing if installed package can be loaded from final location
** testing if installed package keeps a record of temporary installation path
* DONE (rtracklayer)
begin installing package ‘recount3’
* installing *source* package ‘recount3’ ...
** this is package ‘recount3’ version ‘1.22.0’
** using staged installation
** R
** inst
** byte-compile and prepare package for lazy loading
** help
*** installing help indices
*** copying figures
** building package indices
** installing vignettes
** testing if installed package can be loaded from temporary location
** testing if installed package can be loaded from final location
** testing if installed package keeps a record of temporary installation path
* DONE (recount3)

The downloaded source packages are in
	‘/private/var/folders/_9/g0t4c0tn1jzbz3c8rhvpr5kc0000gn/T/Rtmpk5AcKn/downloaded_packages’
EXIT 0
